name,slug,abbr,artist,cover,debut,last_played,times_played
(I Can't Get No) Satisfaction,i-cant-get-no-satisfaction,,The Rolling Stones,TRUE,2022-02-25,2022-02-25,1
...And Flew Away,and-flew-away,,Trey Anastasio,TRUE,2023-07-14,2023-07-14,1
1999,1999,,Prince,TRUE,1998-12-31,2022-08-13,4
20-20 Vision,20-20-vision,,Gene Autry,TRUE,2019-12-28,2019-12-28,1
46 Days,46-days,,Phish,FALSE,2003-01-02,2024-08-31,146
50 Ways to Leave Your Lover,50-ways-to-leave-your-lover,,Paul Simon,TRUE,2011-08-08,2011-08-08,1
555,555,,Phish,FALSE,2013-10-31,2024-08-07,66
5:15,515,,The Who,TRUE,1995-10-31,1995-10-31,1
99 Problems,99-problems,,Jay-Z,TRUE,2004-06-18,2004-06-18,1
A Apolitical Blues,a-apolitical-blues,,Little Feat,TRUE,2010-10-31,2010-10-31,1
A Day in the Life,a-day-in-the-life,ADITL,The Beatles,TRUE,1995-06-10,2024-08-02,73
A Life Beyond The Dream,a-life-beyond-the-dream,,Ghosts of the Forest,TRUE,2019-06-19,2024-09-01,32
A Song I Heard the Ocean Sing,a-song-i-heard-the-ocean-sing,ASIHTOS,Phish,FALSE,2004-06-17,2024-07-28,49
A Wave of Hope,a-wave-of-hope,,Trey Anastasio,TRUE,2021-08-07,2024-08-29,29
AC/DC Bag,acdc-bag,Bag,Phish,FALSE,1986-04-01,2024-08-18,333
About to Run,about-to-run,,Ghosts of the Forest,TRUE,2019-06-12,2024-08-07,24
Access Me,access-me,,Phish,FALSE,2004-06-26,2019-08-31,6
Acoustic Army,acoustic-army,,Phish,FALSE,1995-06-07,1995-12-08,27
After Midnight,after-midnight,,J.J. Cale,TRUE,1999-12-31,2019-12-08,7
Ain't Love Funny,aint-love-funny,,J.J. Cale,TRUE,1997-06-20,1997-08-09,3
Alaska,alaska,,Trey Anastasio,TRUE,2009-06-09,2024-02-21,43
Albuquerque,albuquerque,,Neil Young,TRUE,1998-07-26,2023-10-13,17
All Along the Watchtower,all-along-the-watchtower,,Bob Dylan,TRUE,1994-04-21,1996-10-22,2
All Blues,all-blues,,Miles Davis,TRUE,1986-04-25,1989-02-06,3
All Down the Line,all-down-the-line,,The Rolling Stones,TRUE,2009-10-31,2009-10-31,1
All That You Dream,all-that-you-dream,,Little Feat,TRUE,2010-10-31,2010-10-31,1
All Things Reconsidered,all-things-reconsidered,ATR,Phish,FALSE,1991-09-25,1997-02-23,81
All of These Dreams,all-of-these-dreams,,Phish,FALSE,2003-01-03,2023-04-17,15
All the Pain Through the Years,all-the-pain-through-the-years,,Seth Yacovone,TRUE,1998-11-29,1998-11-29,1
Also Sprach Zarathustra,also-sprach-zarathustra,2001,"Strauss, as interpreted by Deodato",TRUE,1993-07-16,2024-08-29,263
Alumni Blues,alumni-blues,Alumni,Phish,FALSE,1985-03-16,2023-07-12,112
Amazing Grace,amazing-grace,,Traditional,TRUE,1993-02-03,1998-10-03,109
Ambient Jam,ambient-jam,,Phish,FALSE,1998-08-15,1998-08-15,1
American Woman,american-woman,,The Guess Who,TRUE,1989-03-01,1989-03-01,1
Amidst the Peals of Laughter,amidst-the-peals-of-laughter,,Phish,FALSE,2013-10-31,2013-10-31,1
Amoreena,amoreena,,Elton John,TRUE,1997-08-13,1997-08-13,1
Anarchy,anarchy,,Phish,FALSE,1985-03-04,1989-10-14,11
And So To Bed,and-so-to-bed,,Phish,FALSE,2021-10-15,2021-10-15,1
Andy's Chest,andys-chest,,Lou Reed,TRUE,1988-09-13,1988-09-13,1
Any Colour You Like,any-colour-you-like,,Pink Floyd,TRUE,1998-11-02,1998-11-02,1
Anything But Me,anything-but-me,,Phish,FALSE,2003-01-04,2011-08-15,12
Arc,arc-neil-young,,Neil Young,TRUE,1998-10-03,1998-10-03,1
Architect,architect,,Trey Anastasio,TRUE,2013-07-06,2013-07-31,4
Army of One,army-of-one,,Phish,FALSE,2003-07-12,2023-07-26,27
Art Jam,art-jam,,Phish,FALSE,1997-08-17,1997-08-17,1
Ass Handed,ass-handed,,Phish,FALSE,2016-07-15,2023-07-22,18
Auld Lang Syne,auld-lang-syne,,Traditional,TRUE,1989-12-30,2023-12-31,27
Autumn Leaves,autumn-leaves,,Jo Stafford,TRUE,1989-08-12,1989-08-12,1
Avenu Malkenu,avenu-malkenu,,Traditional,TRUE,1987-05-11,2022-04-21,83
Axilla,axilla,,Phish,FALSE,1992-11-19,2024-08-18,113
Axilla (Part II),axilla-part-ii,,Phish,FALSE,1994-04-16,2024-08-31,57
Baby Elephant Walk,baby-elephant-walk,,Henry Mancini,TRUE,1992-12-01,1998-08-16,2
Baby Lemonade,baby-lemonade,,Syd Barrett,TRUE,1992-03-11,2021-12-31,2
Babylon Baby,babylon-baby,,Mike Gordon,TRUE,2011-08-15,2013-08-02,3
Babylon is Burning,babylon-is-burning,,,TRUE,1986-02-03,1986-02-03,1
Back Porch Boogie Blues,back-porch-boogie-blues,,Max Creek,TRUE,1985-09-27,1987-10-31,9
Back at the Chicken Shack,back-at-the-chicken-shack,,Jimmy Smith,TRUE,1998-10-30,2000-09-24,8
Back in the Bubble,back-in-the-bubble,,Mike Gordon,TRUE,2023-08-04,2023-08-04,1
Back in the U.S.S.R.,back-in-the-ussr,,The Beatles,TRUE,1994-10-31,2013-10-23,3
Back on the Train,back-on-the-train,BOTT,Trey Anastasio,TRUE,1999-06-30,2024-08-30,157
Backwards Down the Number Line,backwards-down-the-number-line,BDTNL,Trey Anastasio,TRUE,2009-03-06,2024-08-17,138
Band/Crew Football Theme Song,bandcrew-football-theme-song,,Phish,FALSE,1991-04-16,1992-05-02,2
Bathtub Gin,bathtub-gin,Gin,Phish,FALSE,1989-05-26,2024-08-31,307
Beaumont Rag,beaumont-rag,,Traditional,TRUE,1994-10-12,1994-10-26,4
Beauty of My Dreams,beauty-of-my-dreams,,The Del McCoury Band,TRUE,1997-02-16,2024-08-06,55
Beauty of a Broken Heart,beauty-of-a-broken-heart,,Page Mcconnell,TRUE,2009-03-07,2023-10-08,15
Been Caught Stealing,been-caught-stealing,,Jane's Addiction,TRUE,1998-08-01,2011-06-18,6
Bell Boy,bell-boy,,The Who,TRUE,1995-10-31,1995-10-31,1
Beneath a Sea of Stars Part 1,beneath-a-sea-of-stars-part-1,,Ghosts of the Forest,TRUE,2019-06-29,2024-08-10,18
Bertha,bertha,,Grateful Dead,TRUE,1984-11-03,1985-03-16,3
Big Alligator,big-alligator,,Chief Jim Billie,TRUE,1999-12-30,1999-12-30,1
Big Ball Jam,big-ball-jam,BBJ,Phish,FALSE,1992-11-19,1994-12-09,102
Big Balls,big-balls,,AC/DC,TRUE,2011-07-03,2011-07-03,1
Big Black Furry Creature from Mars,big-black-furry-creature-from-mars,BBFCFM,Phish,FALSE,1987-08-21,2024-08-09,133
Big Leg Emma,big-leg-emma,,The Mothers of Invention,TRUE,1985-04-06,1988-08-04,7
Big Pimpin',big-pimpin,,Jay-Z,TRUE,2004-06-18,2004-06-18,1
Bike,bike,,Pink Floyd,TRUE,1987-11-19,2018-11-02,42
"Bill Bailey, Won't You Please Come Home?",bill-bailey-wont-you-please-come-home,,Hughie Cannon,TRUE,1993-07-28,2010-10-15,6
Billie Jean,billie-jean,,Michael Jackson,TRUE,2010-06-25,2010-06-25,1
Billy Breathes,billy-breathes,,Phish,FALSE,1995-09-27,2024-08-04,65
Birds of a Feather,birds-of-a-feather,BOAF,Phish,FALSE,1998-04-02,2024-08-07,135
Birthday,birthday,,The Beatles,TRUE,1994-10-31,1994-10-31,1
Bitchin' Again,bitchin-again,,The Dude of Life (with Phish),TRUE,1991-08-03,1991-08-03,1
Bittersweet Motel,bittersweet-motel,,Phish,FALSE,1998-07-21,2021-08-28,19
Black and Tan Fantasy,black-and-tan-fantasy,,Duke Ellington,TRUE,1990-09-28,1990-09-28,1
Black-Eyed Katy,black-eyed-katy,BEK,Phish,FALSE,1997-11-13,1997-12-30,7
Blackberry Blossom,blackberry-blossom,,Traditional,TRUE,1994-11-19,1994-11-19,1
Blackbird,blackbird,,The Beatles,TRUE,1994-10-31,1994-11-22,2
Blaze On,blaze-on,,Phish,FALSE,2015-07-21,2024-08-29,84
Bliss,bliss,,Phish,FALSE,2018-12-30,2021-09-05,2
Blister in the Sun,blister-in-the-sun,,Violent Femmes,TRUE,1997-07-26,2012-07-07,3
Blue Bayou,blue-bayou,,Roy Orbison,TRUE,1992-07-16,1992-12-29,2
Blue Bossa,blue-bossa,,Joe Henderson,TRUE,1988-07-12,1988-07-23,2
Blue Monk,blue-monk,,Thelonius Monk,TRUE,1987-02-21,1989-08-12,2
Blue Moon,blue-moon,,Rodgers and Hart,TRUE,2009-12-31,2009-12-31,1
Blue Skies,blue-skies,,Pork Tornado,TRUE,2003-02-26,2003-02-26,1
Blue Sky,blue-sky,,The Allman Brothers Band,TRUE,1989-08-12,1989-08-12,1
Bobby Jean,bobby-jean,,Bruce Springsteen,TRUE,2009-06-14,2009-06-14,1
Bohemian Rhapsody,bohemian-rhapsody,,Queen,TRUE,1996-12-31,2022-12-31,2
Bold As Love,bold-as-love,,Jimi Hendrix Experience,TRUE,1988-07-07,2021-09-04,83
Boogie On Reggae Woman,boogie-on-reggae-woman,Boogie On,Stevie Wonder,TRUE,1987-02-21,2024-08-17,91
Born Under Punches (The Heat Goes On),born-under-punches-the-heat-goes-on,,Talking Heads,TRUE,1996-10-31,1996-10-31,1
Born to Run,born-to-run,,Bruce Springsteen,TRUE,1999-07-16,1999-07-16,1
Bouncing Around the Room,bouncing-around-the-room,Bouncin',Phish,FALSE,1990-01-20,2024-08-16,488
Brain Damage,brain-damage,,Pink Floyd,TRUE,1998-11-02,1998-11-02,1
Breath and Burning,breath-and-burning,,Phish,FALSE,2016-06-26,2022-07-24,17
Breathe,breathe,,Pink Floyd,TRUE,1995-10-25,1998-11-02,2
Brian and Robert,brian-and-robert,,Phish,FALSE,1998-06-30,2024-07-26,53
Bring It On Home,bring-it-on-home,,Sonny Boy Williamson,TRUE,1985-05-03,1985-05-03,1
Broken Heart Attack,broken-heart-attack,,Jerry Reed,TRUE,2022-08-14,2022-08-14,1
Broken Into Pieces,broken-into-pieces,,Trey Anastasio,TRUE,2023-08-01,2023-10-10,2
Brother,brother,,Phish,FALSE,1991-09-25,2021-10-15,60
Brown Eyed Girl,brown-eyed-girl,,Van Morrison,TRUE,1995-11-16,1995-11-16,1
Buffalo Bill,buffalo-bill,,Phish,FALSE,1992-11-21,2023-10-10,22
Bug,bug,,Amfibian,TRUE,1999-06-30,2024-08-31,95
Bundle of Joy,bundle-of-joy,,Phish,FALSE,1987-05-11,1989-11-03,10
Buried Alive,buried-alive,,Phish,FALSE,1990-09-13,2024-08-11,167
Burn That Bridge,burn-that-bridge,,Trey Anastasio,TRUE,2010-12-31,2010-12-31,1
Burning Down the House,burning-down-the-house,,Talking Heads,TRUE,1998-08-12,1998-08-12,1
Bye Bye Foot,bye-bye-foot,,Phish,FALSE,1997-06-14,2021-10-23,6
California Love,california-love,,Tupac Shakur (Featuring Dr.Dre),TRUE,1998-07-15,1998-07-15,1
Call It Stormy Monday (But Tuesday Is Just As Bad),call-it-stormy-monday-but-tuesday-is-just-as-bad,,T-Bone Walker,TRUE,1989-02-23,1989-02-23,1
Camel Walk,camel-walk,,Phish,FALSE,1984-11-03,2023-07-18,64
Can't Always Listen,cant-always-listen,,Phish,FALSE,2015-12-30,2019-08-30,2
Can't You Hear Me Knocking,cant-you-hear-me-knocking,,The Rolling Stones,TRUE,1984-11-03,1985-05-03,3
Cannonball,cannonball,,The Breeders,TRUE,1994-05-07,1994-05-07,1
Caravan,caravan,,Duke Ellington,TRUE,1990-01-20,1996-12-29,43
Carefree,carefree,,Sun Ra,TRUE,1994-04-26,1994-04-26,1
Carini,carini,,Phish,FALSE,1997-02-17,2024-08-31,143
Carolina,carolina,,Traditional,TRUE,1990-01-20,2019-12-06,83
Cars Trucks Buses,cars-trucks-buses,CTB,Phish,FALSE,1995-09-27,2024-07-30,87
Casino Boogie,casino-boogie,,The Rolling Stones,TRUE,2009-10-31,2009-10-31,1
Casual Enlightenment,casual-enlightenment,,Phish,FALSE,2021-08-08,2023-07-18,3
Catapult,catapult,,Phish,FALSE,1992-04-17,2021-09-05,35
Cathy's Clown,cathys-clown,,The Everly Brothers,TRUE,2019-07-02,2019-07-02,1
Cavern,cavern,,Phish,FALSE,1990-03-28,2024-08-09,476
Cecilia,cecilia,,Simon & Garfunkel,TRUE,1997-06-25,1997-06-25,1
Chalk Dust Torture,chalk-dust-torture,CDT,Phish,FALSE,1991-02-01,2024-08-30,510
Chalk Dust Torture Reprise,chalk-dust-torture-reprise,,Phish,FALSE,1994-12-10,2024-02-24,5
Champagne Supernova,champagne-supernova,,Oasis,TRUE,1996-12-29,1996-12-29,1
Character Zero,character-zero,,Phish,FALSE,1996-06-06,2024-09-01,251
Chariots of Fire,chariots-of-fire,,Vangelis,TRUE,2003-08-03,2003-08-03,1
Che Hun Ta Mo,che-hun-ta-mo,,Chief Jim Billie,TRUE,1999-12-30,1999-12-30,1
Chocolate Rain,chocolate-rain,,Tay Zonday,TRUE,2017-07-28,2017-07-28,1
Choo Choo Ch' Boogie,choo-choo-ch-boogie,,Louis Jordan,TRUE,1993-03-02,1993-03-02,1
Cinnamon Girl,cinnamon-girl,,Neil Young,TRUE,1989-03-01,2023-10-08,5
Cities,cities,,Talking Heads,TRUE,1984-12-01,2024-08-29,105
Clear Your Mind,clear-your-mind,,Phish,FALSE,2021-10-31,2023-07-22,4
Clod,clod,,Phish,FALSE,1986-10-15,1989-11-10,11
Clone,clone,,Leo Kotke/Mike Gordon,TRUE,2003-02-26,2003-02-26,1
Cocaine,cocaine,,J.J. Cale,TRUE,1993-08-06,1993-08-06,1
Coconut,coconut,,Harry Nilsson,TRUE,2017-07-21,2017-07-21,1
Cold Rain and Snow,cold-rain-and-snow,,Traditional,TRUE,1999-09-17,1999-09-17,1
Cold Water,cold-water,,Tom Waits,TRUE,2010-06-15,2010-06-15,1
Cold as Ice,cold-as-ice,,Foreigner,TRUE,1992-03-07,1992-05-18,47
Colonel Forbin's Ascent,colonel-forbins-ascent,Forbin's,Phish,FALSE,1988-03-12,2023-12-31,128
Come On (Part One),come-on-part-one,,Earl King,TRUE,1987-04-29,1987-04-29,1
Come Together,come-together,,The Beatles,TRUE,1995-12-08,2011-09-04,2
Come on Baby Let's Go Downtown,come-on-baby-lets-go-downtown,,Crazy Horse,TRUE,2000-09-23,2000-10-05,2
Communication Breakdown,communication-breakdown,,Led Zeppelin,TRUE,1990-01-25,1990-10-20,7
Contact,contact,,Phish,FALSE,1988-06-15,2024-07-26,173
Cool Amber and Mercury,cool-amber-and-mercury,,Phish,FALSE,2018-10-31,2023-10-10,8
Cool It Down,cool-it-down,,The Velvet Underground,TRUE,1998-10-31,2023-04-19,12
Cool Jerk,cool-jerk,,The Capitols,TRUE,2004-08-15,2004-08-15,1
Corinna,corinna,,Taj Mahal,TRUE,1987-02-21,2023-10-14,31
Corona,corona,,Trey Anastasio,TRUE,2017-07-15,2017-07-15,1
Costume Contest,costume-contest,,Phish,FALSE,1988-10-29,1994-10-31,3
Cracklin' Rosie,cracklin-rosie,,Neil Diamond,TRUE,1992-03-07,2023-07-29,51
Crazy Sometimes,crazy-sometimes,,Mike Gordon,TRUE,2017-07-18,2023-10-11,9
Crimes of the Mind,crimes-of-the-mind,,The Dude of Life (with Phish),TRUE,1991-08-03,2016-10-28,8
Crosseyed and Painless,crosseyed-and-painless,C&amp;P,Talking Heads,TRUE,1996-10-31,2024-08-31,64
Crossroads,crossroads,,Robert Johnson,TRUE,1993-05-08,1998-11-28,9
Crowd Control,crowd-control,,Phish,FALSE,2003-11-28,2022-08-02,22
Cry Baby Cry,cry-baby-cry,,The Beatles,TRUE,1994-10-31,2016-07-20,5
Cryin',cryin,,Aerosmith,TRUE,1995-09-29,1995-09-29,1
Cut My Hair,cut-my-hair,,The Who,TRUE,1995-10-31,1995-10-31,1
Dahlia,dahlia,,The Dude of Life (with Phish),TRUE,1990-09-13,1990-09-13,1
Daniel Saw the Stone,daniel-saw-the-stone,,Traditional,TRUE,1993-07-15,2017-08-01,23
Dave's Energy Guide,daves-energy-guide,DEG,Phish,FALSE,1985-04-06,1995-06-28,20
David Bowie,david-bowie,Bowie,Phish,FALSE,1986-10-31,2024-08-17,472
Day or Night,day-or-night,,Little Feat,TRUE,2010-10-31,2010-10-31,1
Dazed and Confused,dazed-and-confused,,Led Zeppelin,TRUE,1989-05-21,1989-05-21,1
Dear Mrs. Reagan,dear-mrs-reagan,,Phish,FALSE,1985-11-14,1989-01-18,13
Dear Prudence,dear-prudence,,The Beatles,TRUE,1994-10-31,2016-06-29,3
Death Don't Hurt Very Long,death-dont-hurt-very-long,DDHVL,Phish,FALSE,2018-10-31,2024-08-07,13
Dec 1661,dec-1661,,Zenzile,TRUE,1986-02-03,1986-02-03,1
Dem Bones,dem-bones,,James Weldon Johnson,TRUE,2014-12-31,2017-08-04,3
Demand,demand,,Phish,FALSE,1994-04-09,2016-07-20,16
Destiny Unbound,destiny-unbound,Destiny,Phish,FALSE,1990-09-14,2024-08-04,55
Devotion To a Dream,devotion-to-a-dream,,Phish,FALSE,2013-10-31,2016-10-15,20
Diamond Girl,diamond-girl,,Seals and Crofts,TRUE,1992-12-31,1992-12-31,1
Digital Delay Loop Jam,digital-delay-loop-jam,,Phish,FALSE,1994-04-08,1997-08-17,10
Dinner and a Movie,dinner-and-a-movie,,Phish,FALSE,1987-11-19,2024-08-10,150
Dirt,dirt,,New York!,TRUE,1997-06-14,2024-07-28,75
Discern,discern,,Trey Anastasio,TRUE,2003-07-08,2003-08-02,4
Divided Sky,divided-sky,Divided,Phish,FALSE,1987-05-11,2024-08-16,437
Dixie Cannonball,dixie-cannonball,,Gene Autry,TRUE,2009-12-30,2009-12-30,1
Dixie Chicken,dixie-chicken,,Little Feat,TRUE,2010-10-31,2010-10-31,1
Doctor Jimmy,doctor-jimmy,,The Who,TRUE,1995-10-31,1995-10-31,1
Dog Faced Boy,dog-faced-boy,,Phish,FALSE,1994-04-14,2021-10-30,54
Dog Log,dog-log,,Phish,FALSE,1985-10-30,2024-09-01,24
Dogs Stole Things,dogs-stole-things,,Phish,FALSE,1997-06-13,2022-07-31,41
Doin' My Time,doin-my-time,,Jimmie Skinner,TRUE,1996-08-07,1999-07-01,2
Don't Bogart That Joint,dont-bogart-that-joint,,Fraternity of Man,TRUE,2010-10-31,2016-12-31,2
Don't Doubt Me,dont-doubt-me,,Phish,FALSE,2021-10-31,2023-09-02,5
Don't Get Me Wrong,dont-get-me-wrong,,Phish,FALSE,1990-10-06,1990-12-28,3
Don't Pass Me By,dont-pass-me-by,,The Beatles,TRUE,1994-10-31,1994-10-31,1
Don't Want You No More,dont-want-you-no-more,,Spencer Davis Group,TRUE,1984-12-01,1985-04-06,2
Don't You Want To Go?,dont-you-want-to-go,,The Meditation Singers,TRUE,1995-05-16,1995-09-28,5
Donna Lee,donna-lee,,Charlie Parker,TRUE,1988-10-29,1993-07-25,25
Dooley,dooley,,The Dillards,TRUE,1994-11-19,1994-11-20,2
Down By the River,down-by-the-river,,Neil Young,TRUE,1998-10-03,1998-10-03,1
Down with Disease,down-with-disease,DwD,Phish,FALSE,1993-12-31,2024-08-29,313
Dr. Gabel,dr-gabel,,Phish,FALSE,2010-06-22,2010-06-22,1
Drift While You're Sleeping,drift-while-youre-sleeping,,Ghosts of the Forest,TRUE,2019-06-11,2024-08-03,29
Drifting,drifting,,Trey Anastasio,TRUE,2003-02-26,2003-02-26,1
Drive-In Jam,drive-in-jam,,Phish,FALSE,2015-08-22,2015-08-22,1
Driver,driver,,Phish,FALSE,1998-10-17,2024-08-07,38
Drowned,drowned,,The Who,TRUE,1995-10-31,2023-10-15,48
Drums,drums,,Traditional,TRUE,1984-11-03,2009-08-02,11
Dust in the Wind,dust-in-the-wind,,Kansas,TRUE,2003-07-18,2003-07-18,1
Earache My Eye,earache-my-eye,,Cheech and Chong,TRUE,1994-05-17,1994-05-17,1
Easy To Slip,easy-to-slip,,Little Feat,TRUE,2013-08-30,2013-08-30,1
Eclipse,eclipse-pink-floyd,,Pink Floyd,TRUE,1998-11-02,1998-11-02,1
Egg in a Hole,egg-in-a-hole,,Phish,FALSE,2021-10-31,2023-10-11,4
El Paso,el-paso,,Marty Robbins,TRUE,2000-10-06,2000-10-06,1
Eliza,eliza,,Phish,FALSE,1990-09-15,1992-05-14,22
Emotional Rescue,emotional-rescue,,The Rolling Stones,TRUE,1997-11-21,2019-02-22,6
End of Session,end-of-session,,Phish,FALSE,2017-07-25,2021-10-20,2
Energy,energy,,The Apples in Stereo,TRUE,2013-07-05,2023-08-02,10
Esther,esther,,Phish,FALSE,1988-09-12,2024-07-27,135
Ether Edge,ether-edge,,Trey Anastasio,TRUE,2023-07-12,2024-08-29,9
Evening Song,evening-song,,Phish,FALSE,2019-12-28,2023-07-28,5
Everybody's Got Something to Hide Except Me and My Monkey,everybodys-got-something-to-hide-except-me-and-my-monkey,,The Beatles,TRUE,1994-10-31,2000-09-25,2
Everyday I Have the Blues,everyday-i-have-the-blues,,Memphis Slim,TRUE,2003-02-24,2003-02-24,1
Everything In Its Right Place,everything-in-its-right-place,,Radiohead,TRUE,2017-08-04,2017-08-04,1
Everything is Hollow,everything-is-hollow,,Phish,FALSE,2018-10-31,2023-10-15,4
Everything's Right,everythings-right,,Trey Anastasio,TRUE,2017-07-14,2024-08-30,59
Evolve,evolve,,Trey Anastasio,TRUE,2021-08-04,2024-08-30,19
Eyes of the World,eyes-of-the-world,,Grateful Dead,TRUE,1984-11-03,1985-05-03,3
Faht,faht,,Phish,FALSE,1992-11-22,1995-12-02,12
Family Picture,family-picture,,The Dude of Life (with Phish),TRUE,1990-09-30,1991-11-08,2
Farmhouse,farmhouse,,Phish,FALSE,1997-11-16,2024-07-24,87
Fast Enough for You,fast-enough-for-you,FEFY,Phish,FALSE,1992-11-19,2024-02-23,78
Fat Man in the Bathtub,fat-man-in-the-bathtub,,Little Feat,TRUE,2010-10-31,2022-02-27,3
Feats Don't Fail Me Now,feats-dont-fail-me-now,,Little Feat,TRUE,2010-10-31,2010-10-31,1
Fee,fee,,Phish,FALSE,1987-08-09,2024-08-30,286
Feel the Heat,feel-the-heat,,"""Dirk Diggler,"" ""Reed Rothchild""",TRUE,2003-12-31,2003-12-31,1
Fikus,fikus,,Phish,FALSE,1998-07-02,2024-08-11,6
Final Flight,final-flight,,Vida Blue,TRUE,2003-02-26,2003-02-26,1
Fire,fire,,Jimi Hendrix Experience,TRUE,1984-12-01,2023-07-25,138
Fire Up the Ganja,fire-up-the-ganja,,,TRUE,1985-03-04,1985-03-04,1
Fire on the Mountain,fire-on-the-mountain,FOTM,Grateful Dead,TRUE,1983-12-02,1984-12-01,2
First Tube,first-tube,,Trey Anastasio,TRUE,1999-09-09,2024-08-31,133
Five Years,five-years,,David Bowie,TRUE,2016-10-31,2021-10-28,2
Fixin' to Die,fixin-to-die,,Bukka White,TRUE,1994-11-17,1994-11-30,2
Flat Fee,flat-fee,,Phish,FALSE,1987-08-09,1991-07-27,21
Flatbed Truck Jam,flatbed-truck-jam,,Phish,FALSE,1996-08-16,1996-08-16,1
Fluff's Travels,fluffs-travels,,Phish,FALSE,1989-12-30,1989-12-30,1
Fluffhead,fluffhead,,Phish,FALSE,1984-12-01,2024-09-01,281
Fly Famous Mockingbird,fly-famous-mockingbird,Mockingbird,Phish,FALSE,1988-02-07,2023-12-31,128
Fly Like an Eagle,fly-like-an-eagle,,Steve Miller Band,TRUE,2012-12-31,2012-12-31,1
Foam,foam,,Phish,FALSE,1988-10-29,2024-07-27,353
Foggy Mountain Breakdown,foggy-mountain-breakdown,,Flatt and Scruggs,TRUE,1994-11-16,1994-11-16,1
Fooled Around and Fell in Love,fooled-around-and-fell-in-love,,Elvin Bishop,TRUE,2003-07-29,2003-07-29,1
Foreplay/Long Time,foreplaylong-time,,Boston,TRUE,1994-10-07,1999-07-12,17
Four,four,,Miles Davis,TRUE,1989-08-12,1989-08-12,1
Four Strong Winds,four-strong-winds,,Ian & Sylvia,TRUE,1998-10-18,1998-10-18,1
Frankenstein,frankenstein,,The Edgar Winter Group,TRUE,1989-11-11,2024-08-07,92
Frankie Says,frankie-says,,Phish,FALSE,1998-04-02,2023-07-30,32
Free,free,,Phish,FALSE,1995-05-16,2024-08-31,226
Free Bird,free-bird,,Lynyrd Skynyrd,TRUE,1987-03-06,2009-11-29,28
Free Man in Paris,free-man-in-paris,,Joni Mitchell,TRUE,2010-06-25,2010-06-25,1
Freeworld,freeworld,,,TRUE,1987-03-06,1987-03-06,1
Friday,friday,,Phish,FALSE,2003-01-04,2016-10-25,13
Friend,friend,,Ghosts of the Forest,TRUE,2019-06-22,2019-06-22,1
Friends,friends,,Phish,FALSE,2016-06-29,2016-07-10,2
Frost,frost,,Trey Anastasio,TRUE,2013-07-17,2019-12-08,6
Fuck Your Face,fuck-your-face,FYF,Phish,FALSE,1987-04-29,2023-07-11,19
Fuego,fuego,,Phish,FALSE,2013-10-31,2024-08-18,87
Funky (Breakdown),funky-breakdown,,Ninja Custodian,TRUE,1989-05-28,1989-05-28,1
Funky Bitch,funky-bitch,,Son Seals,TRUE,1986-12-06,2024-08-15,232
Garden Party,garden-party,,Ricky Nelson,TRUE,2012-12-31,2012-12-31,1
Gaul Swerves and the Rest is Everything Else,gaul-swerves-and-the-rest-is-everything-else,,Phish,FALSE,1989-10-26,1989-10-26,1
Get More Down,get-more-down,,Phish,FALSE,2021-10-31,2021-10-31,1
Gettin' Jiggy Wit' It,gettin-jiggy-wit-it,,Will Smith (a.k.a. The Fresh Prince),TRUE,1998-11-20,1998-11-20,1
Ghost,ghost,,Phish,FALSE,1997-06-13,2024-08-29,218
Ghosts of the Forest,ghosts-of-the-forest,,Ghosts of the Forest,TRUE,2019-12-04,2019-12-04,1
Ginseng Sullivan,ginseng-sullivan,Ginseng,Norman Blake,TRUE,1993-08-11,2024-08-07,80
Girls Girls Girls,girls-girls-girls,,Jay-Z,TRUE,2004-04-15,2004-04-15,1
Glass Onion,glass-onion,,The Beatles,TRUE,1994-10-31,1994-10-31,1
Glide,glide,,Phish,FALSE,1991-09-27,2021-08-31,116
Glide II,glide-ii,,Phish,FALSE,1995-05-16,2018-12-30,2
Gloria,gloria-branigan,,Laura Branigan,TRUE,2019-06-12,2019-06-12,1
Gloria,gloria,,Them,TRUE,1995-05-16,1995-05-16,1
Glory Days,glory-days,,Bruce Springsteen,TRUE,2009-06-14,2009-06-14,1
Goin' Down Slow,goin-down-slow,,"""St. Louis Jimmy"" Oden",TRUE,1990-09-13,1990-10-03,3
Gold Soundz,gold-soundz,,Pavement,TRUE,1999-07-21,1999-07-21,1
Golden Age,golden-age,,TV on the Radio,TRUE,2009-11-27,2024-08-18,78
Golden Lady,golden-lady,,Stevie Wonder,TRUE,1994-10-20,2003-02-16,2
Golgi Apparatus,golgi-apparatus,Golgi,Phish,FALSE,1986-10-12,2024-08-29,477
Gone,gone,,Trey Anastasio,TRUE,2009-12-30,2010-12-31,2
Good Times Bad Times,good-times-bad-times,GTBT,Led Zeppelin,TRUE,1986-12-06,2024-07-26,229
Got My Mojo Working,got-my-mojo-working,,Muddy Waters,TRUE,1997-02-25,1997-02-25,1
Gotta Jibboo,gotta-jibboo,Jibboo,Trey Anastasio,TRUE,1999-09-10,2024-08-17,101
Green Onions,green-onions,,Booker T. & the M.G.'s,TRUE,1989-03-01,1989-03-01,1
Grind,grind,,Phish,FALSE,1998-12-30,2024-07-31,30
Guelah Papyrus,guelah-papyrus,Guelah,Phish,FALSE,1991-02-01,2024-08-30,206
Gumbo,gumbo,,Phish,FALSE,1990-09-28,2024-08-10,120
Guy Forget,guy-forget,,Phish,FALSE,2000-10-01,2024-08-03,4
Guyute,guyute,,Phish,FALSE,1994-10-07,2024-07-23,134
Gypsy Queen,gypsy-queen,,Gabor Szabo,TRUE,1996-08-07,1997-06-24,3
Ha Ha Ha,ha-ha-ha,,Phish,FALSE,1995-05-16,2021-08-27,33
Halfway Home,halfway-home,,Ghosts of the Forest,TRUE,2019-06-23,2019-06-23,1
Halfway to the Moon,halfway-to-the-moon,,Phish,FALSE,2010-06-19,2024-08-02,53
Halley's Comet,halleys-comet,Halley's,Phish,FALSE,1986-05-17,2024-08-10,153
Hang On to Yourself,hang-on-to-yours,,Arnold Corns,TRUE,2016-10-31,2016-10-31,1
Happiness Is a Warm Gun,happiness-is-a-warm-gun,,The Beatles ,TRUE,1994-10-31,2012-07-03,2
Happy,happy,,The Rolling Stones,TRUE,2009-10-31,2009-10-31,1
Happy Birthday to You,happy-birthday-to-you,Happy Birthday,Traditional,TRUE,1983-12-02,2023-07-23,22
Harpua,harpua,,Phish,FALSE,1987-05-11,2023-12-31,66
Harry Hood,harry-hood,Hood,Phish,FALSE,1985-10-30,2024-08-29,423
Have Mercy,have-mercy,,The Mighty Diamonds,TRUE,1986-04-01,2020-02-22,17
Head Held High,head-held-high,,The Velvet Underground,TRUE,1998-10-31,2012-07-04,2
Heart and Soul,heart-and-soul,,Larry Clinton Orchestra,TRUE,1995-11-29,1995-11-29,1
Heartbreaker,heartbreaker,,Led Zeppelin,TRUE,2010-10-30,2013-07-16,2
Heavy Rotation,heavy-rotation,,Page McConnell,TRUE,2015-07-22,2022-09-03,3
Heavy Things,heavy-things,,Phish,FALSE,1999-09-11,2024-08-02,98
Hello My Baby,hello-my-baby,,Howard and Emerson,TRUE,1995-09-27,2019-12-03,57
Help Me,help-me,,Sonny Boy Williamson,TRUE,1993-04-10,1993-04-10,1
Help on the Way,help-on-the-way,,Grateful Dead,TRUE,1986-04-01,1986-04-01,1
Helpless,helpless,,"Crosby, Stills, Nash, and Young",TRUE,1998-10-17,1998-10-17,1
Helpless Dancer,helpless-dancer,,The Who,TRUE,1995-10-31,1995-10-31,1
Helter Skelter,helter-skelter,,The Beatles,TRUE,1994-10-31,1994-11-17,2
Hey Stranger,hey-stranger,,Trey Anastasio,TRUE,2022-12-29,2024-08-30,9
High-Heel Sneakers,high-heel-sneakers,,Tommy Tucker,TRUE,1994-04-23,1994-04-23,1
Highway to Hell,highway-to-hell,,AC/DC,TRUE,1989-10-01,2009-08-16,77
Hold Whatcha Got,hold-whatcha-got,,Jimmy Martin and His Sunny Mountain Boys,TRUE,2000-06-22,2000-06-22,1
Hold Your Head Up,hold-your-head-up,HYHU,Argent,TRUE,1987-08-21,2023-07-29,312
Hold to a Dream,hold-to-a-dream,,Tim O'Brien,TRUE,1996-08-07,1996-08-07,1
Home,home,,Phish,FALSE,2016-10-14,2019-07-02,7
Honey Pie,honey-pie,,The Beatles,TRUE,1994-10-31,1994-10-31,1
Honky Tonk Women,honky-tonk-women,,The Rolling Stones,TRUE,1993-04-12,1994-06-30,2
Hoochie Coochie Man,hoochie-coochie-man,,Muddy Waters,TRUE,1993-04-10,1997-08-08,2
Horn,horn,,Phish,FALSE,1990-05-24,2024-07-31,176
Houses in Motion,houses-in-motion,,Talking Heads,TRUE,1996-10-31,1996-10-31,1
How High the Moon,how-high-the-moon,,Hamilton and Lewis,TRUE,1990-04-21,2009-08-13,5
How Many People Are You,how-many-people-are-you,,Mike Gordon,TRUE,2015-07-22,2021-08-29,10
Human Nature,human-nature,,Phish,FALSE,2024-07-20,2024-08-11,2
Hurricane,hurricane,,Bob Dylan,TRUE,1985-11-14,1985-11-14,1
I Always Wanted It This Way,i-always-wanted-it-this-way,,Phish,FALSE,2016-10-15,2024-08-02,20
I Am Hydrogen,i-am-hydrogen,Hydrogen,Phish,FALSE,1985-04-06,2024-08-17,348
I Am in Miami,i-am-in-miami,,Phish,FALSE,2021-10-31,2022-05-28,2
I Am the Sea,i-am-the-sea,,The Who,TRUE,1995-10-31,1995-10-31,1
I Am the Walrus,i-am-the-walrus,,The Beatles,TRUE,2010-06-29,2023-10-11,7
I Been Around,i-been-around,,Phish,FALSE,2009-08-16,2022-07-14,9
I Been to Georgia on a Fast Train,i-been-to-georgia-on-a-fast-train,,Billy Joe Shaver,TRUE,1993-05-06,1993-05-06,1
I Can't Turn You Loose,i-cant-turn-you-loose,,Otis Redding,TRUE,1997-12-29,1999-09-29,2
I Didn't Know,i-didnt-know,IDK,Phish,FALSE,1987-11-18,2024-08-03,263
I Don't Care,i-dont-care,,Phish,FALSE,1997-06-16,1997-06-20,2
I Found a Reason,i-found-a-reason,,The Velvet Underground,TRUE,1998-10-31,2016-06-22,2
I Get a Kick Out of You,i-get-a-kick-out-of-you,,Dinah Washington,TRUE,1998-08-02,1998-11-09,2
I Just Want To See His Face,i-just-want-to-see-his-face,,The Rolling Stones,TRUE,2009-10-31,2009-10-31,1
I Kissed a Girl,i-kissed-a-girl,,Katy Perry,TRUE,2009-08-16,2009-08-16,1
I Know a Little,i-know-a-little,,Lynyrd Skynyrd,TRUE,1986-12-06,1988-08-03,5
I Never Left Home,i-never-left-home,,Trey Anastasio,TRUE,2021-10-19,2021-10-19,1
I Never Needed You Like This Before,i-never-needed-you-like-this-before,,Trey Anastasio,TRUE,2021-07-28,2024-08-11,14
I Shall Be Released,i-shall-be-released,,The Band,TRUE,1998-10-18,1998-10-18,1
I Told You So,i-told-you-so,,Jimmie Davis,TRUE,1997-03-18,1997-03-18,1
I Walk the Line,i-walk-the-line,,Johnny Cash,TRUE,1992-11-19,1993-03-09,10
I Wan'na Be Like You,i-wanna-be-like-you,,Louis Prima,TRUE,1994-04-04,1994-06-10,9
I Want To Be a Cowboy's Sweetheart,i-want-to-be-a-cowboys-sweetheart,,Patsy Montana,TRUE,1996-12-06,1996-12-06,1
I Will,i-will,,The Beatles,TRUE,1994-10-31,1994-10-31,1
I Wish,i-wish,,Stevie Wonder,TRUE,1985-04-06,1985-10-30,2
I'll Come Running,ill-come-running,,Brian Eno,TRUE,1995-05-16,1995-05-16,1
"I'm Blue, I'm Lonesome",im-blue-im-lonesome,,Bill Monroe,TRUE,1994-11-16,2000-06-22,30
I'm Gonna Be (500 Miles),im-gonna-be-500-miles,,The Proclaimers,TRUE,1997-12-30,1997-12-30,1
I'm One,im-one,,The Who,TRUE,1995-10-31,1995-10-31,1
I'm So Tired,im-so-tired,,The Beatles,TRUE,1994-10-31,1995-11-18,2
I've Had Enough,ive-had-enough,,The Who,TRUE,1995-10-31,1995-10-31,1
I've Turned Bad,ive-turned-bad,,,TRUE,1989-05-09,1989-05-09,1
Icculus,icculus,,Phish,FALSE,1986-04-01,2023-07-11,29
Idea,idea,,Phish,FALSE,2010-06-15,2010-06-15,1
If 6 Was 9,if-6-was-9,,Jimi Hendrix Experience,TRUE,2021-10-28,2021-10-28,1
If I Could,if-i-could,,Phish,FALSE,1994-04-04,2024-07-31,67
If I Don't Be There By Morning,if-i-dont-be-there-by-morning,,Eric Clapton,TRUE,1989-05-09,1989-05-09,1
If I Only Had a Brain,if-i-only-had-a-brain,,Ray Bolger (as “The Scarecrow”),TRUE,1989-03-12,1995-11-16,41
If You Need a Fool,if-you-need-a-fool,,The Del McCoury Band,TRUE,1998-07-29,1999-07-18,3
Immigrant Song,immigrant-song,,Led Zeppelin,TRUE,1989-07-01,1995-11-14,2
In The Good Old Summer Time,in-the-good-old-summer-time,,,TRUE,2017-07-14,2017-07-30,2
In a Hole,in-a-hole,,Phish,FALSE,1989-10-20,1989-12-16,8
In a Mellow Tone,in-a-mellow-tone,,Duke Ellington,TRUE,1989-08-12,1989-08-12,1
In the Aeroplane Over the Sea,in-the-aeroplane-over-the-sea,,Neutral Milk Hotel,TRUE,2010-06-26,2010-06-26,1
In the Midnight Hour,in-the-midnight-hour,,Wilson Pickett,TRUE,1983-12-02,1985-09-27,5
Infinite,infinite,,Phish,FALSE,2018-07-21,2018-08-07,2
Instant Karma!,instant-karma,,John Lennon,TRUE,2010-06-12,2011-08-10,3
Intro,intro-chilling-thrilling,,Phish,FALSE,2014-10-31,2014-10-31,1
Invisible,invisible-2,,Mike Gordon and Leo Kottke,TRUE,2009-11-01,2009-11-01,1
Iron Man,iron-man,,Black Sabbath,TRUE,2003-12-31,2012-12-31,2
Is It In My Head?,is-it-in-my-head,,The Who,TRUE,1995-10-31,1995-10-31,1
Is This What You Wanted,is-this-what-you-wanted,,Leonard Cohen,TRUE,2014-10-31,2014-10-31,1
It Ain't Easy,it-aint-easy,,Ron Davies,TRUE,2016-10-31,2016-10-31,1
It's All Right,its-all-right,,Bruce Sunpie Barnes and the Louisiana Sunspots,TRUE,1993-03-02,1993-03-02,1
It's Ice,its-ice,,Phish,FALSE,1991-09-25,2024-08-07,249
Izabella,izabella,,Jimi Hendrix Experience,TRUE,1997-06-13,2024-08-18,19
Jam,jam,,Traditional,TRUE,1984-11-03,2014-07-27,74
Jennifer Dances,jennifer-dances,,Phish,FALSE,1999-12-05,2014-07-27,4
Jessica,jessica,,The Allman Brothers Band,TRUE,1993-05-08,1993-05-08,1
Jesus Just Left Chicago,jesus-just-left-chicago,JJLC,ZZ Top,TRUE,1987-08-10,2019-12-03,81
John Hardy,john-hardy,,Traditional,TRUE,1994-11-19,1994-11-19,1
Johnny B. Goode,johnny-b-goode,JBG,Chuck Berry,TRUE,1995-06-17,1998-07-08,23
Joy,joy,,Phish,FALSE,2009-06-07,2024-07-21,56
Julia,julia,,The Beatles,TRUE,1994-10-31,1994-10-31,1
Julius,julius,,Phish,FALSE,1994-04-04,2024-08-09,236
Jump Monk,jump-monk,,Charles Mingus,TRUE,1988-03-12,1994-04-24,2
Jumpin' Jack Flash,jumpin-jack-flash,,The Rolling Stones,TRUE,2010-06-27,2010-06-27,1
Jungle Boogie,jungle-boogie,,Kool and the Gang,TRUE,2003-12-31,2022-12-31,2
Jägermeister Song,jagermeister-song,,Phish,FALSE,1990-04-18,1990-05-06,2
Keeping It Real,keeping-it-real,,Phish,FALSE,2018-07-25,2018-09-02,2
Keyboard Army,keyboard-army,,Phish,FALSE,1995-09-27,2015-09-06,14
Kill Devil Falls,kill-devil-falls,KDF,Phish,FALSE,2009-06-02,2024-08-31,113
Killer Joe,killer-joe,,Phish,FALSE,1990-03-17,1990-03-17,1
Killing in the Name,killing-in-the-name,,Rage Against the Machine,TRUE,2010-07-04,2010-07-04,1
Knuckle Bone Broth Avenue,knuckle-bone-broth-avenue,,Phish,FALSE,2021-10-31,2024-08-04,3
Kung,kung,,Phish,FALSE,1989-10-31,2019-11-30,38
L.A. Woman,la-woman,,The Doors,TRUE,2003-12-30,2021-10-24,2
La Grange,la-grange,,ZZ Top,TRUE,1987-08-09,2012-07-08,82
Lady Stardust,lady-stardust,,David Bowie,TRUE,2016-10-31,2016-10-31,1
Lawn Boy,lawn-boy,,Phish,FALSE,1989-11-30,2024-07-31,220
Layla,layla,,Derek and the Dominoes,TRUE,1998-11-29,1998-11-29,1
Le Freak,le-freak,,Chic,TRUE,1989-04-13,1989-04-13,1
Leaves,leaves,,Phish,FALSE,2017-07-14,2024-07-24,16
Legalize It,legalize-it,,Peter Tosh,TRUE,2013-09-01,2013-09-01,1
Lengthwise,lengthwise,,Phish,FALSE,1992-11-19,2019-07-09,31
Leprechaun,leprechaun,,Phish,FALSE,1993-07-15,1993-07-31,3
Let It Loose,let-it-loose,,The Rolling Stones,TRUE,2009-10-31,2012-06-30,3
Let Me Lie,let-me-lie,,Trey Anastasio,TRUE,2009-06-06,2016-10-15,10
Let's Go,lets-go,,Phish,FALSE,2016-07-01,2016-10-21,2
Let's Go,lets-go-the-cars,,The Cars,TRUE,1991-02-04,1991-03-22,6
Letter to Jimmy Page,letter-to-jimmy-page,LTJP,Phish,FALSE,1985-04-06,2023-07-12,97
Life Saving Gun,life-saving-gun,,Phish,FALSE,2023-07-30,2024-09-01,9
Life on Mars?,life-on-mars,,David Bowie,TRUE,1995-10-13,2012-06-29,23
Lifeboy,lifeboy,,Phish,FALSE,1993-02-03,2024-07-27,61
Light,light,,Trey Anastasio,TRUE,2009-05-31,2024-09-01,123
Light Up Or Leave Me Alone,light-up-or-leave-me-alone,Light Up,Traffic,TRUE,1986-12-06,2012-07-06,19
Limb By Limb,limb-by-limb,LxL,Phish,FALSE,1997-06-13,2024-08-11,156
Listening Wind,listening-wind,,Talking Heads,TRUE,1996-10-31,1996-10-31,1
Lit O Bit,lit-o-bit,,Rita Clarke and the Naturals,TRUE,2010-06-22,2010-06-22,1
Little Red Rooster,little-red-rooster,,Howlin' Wolf,TRUE,1997-02-25,1997-02-25,1
Little Tiny Butter Biscuits,little-tiny-butter-biscuits,,"""Reverend"" Jeff Mosier",TRUE,1994-11-18,1994-11-22,4
Lively Up Yourself,lively-up-yourself,,Bob Marley and The Wailers,TRUE,1992-04-21,1992-04-21,1
Llama,llama,,Phish,FALSE,1990-10-27,2024-08-29,320
Lonely Trip,lonely-trip,,Trey Anastasio,TRUE,2021-08-11,2024-08-15,20
Lonesome Cowboy Bill,lonesome-cowboy-bill,,The Velvet Underground,TRUE,1995-05-16,2016-12-28,8
Long Cool Woman in a Black Dress,long-cool-woman-in-a-black-dress,,The Hollies,TRUE,1983-12-02,2003-12-01,3
Long Long Long,long-long-long,,The Beatles,TRUE,1994-10-31,1994-10-31,1
Look Out Cleveland,look-out-cleveland,,The Band,TRUE,2010-06-12,2010-06-12,1
Loup Garou,loup-garou,,Bruce Sunpie Barnes and the Louisiana Sunspots,TRUE,1993-03-02,1993-03-02,1
Love Is What We Are,love-is-what-we-are,,Phish,FALSE,2017-07-14,2017-07-14,1
Love Me,love-me,,Elvis Presley,TRUE,1997-02-13,1998-11-18,9
Love Me Like a Man,love-me-like-a-man,,Bonnie Raitt,TRUE,1997-03-18,1997-03-18,1
Love You,love-you,,Syd Barrett,TRUE,1987-10-31,2016-07-16,93
"Love, Reign O'er Me",love-reign-oer-me,,The Who,TRUE,1995-10-31,1995-10-31,1
Loving Cup,loving-cup,,The Rolling Stones,TRUE,1993-02-03,2024-08-31,151
Low Rider,low-rider,,War,TRUE,1985-09-27,2003-07-15,7
Lucky Seven,lucky-seven,,Dave Holland,TRUE,1989-08-12,1989-08-12,1
Lullaby of Birdland,lullaby-of-birdland,,Ella Fitzgerald,TRUE,1992-03-28,1992-03-28,1
Lushington,lushington,,Phish,FALSE,1986-10-15,1987-09-02,8
Magilla,magilla,,Phish,FALSE,1990-09-13,2003-07-22,71
Maiden Voyage,maiden-voyage,,Herbie Hancock,TRUE,1988-07-30,1988-07-30,1
Makisupa Policeman,makisupa-policeman,Makisupa,Phish,FALSE,1984-10-23,2023-07-11,108
Mallory,mallory,,Phish,FALSE,1995-12-15,1995-12-15,1
Manteca,manteca,,Dizzy Gillespie,TRUE,1990-11-04,2020-02-22,15
Maple Leaf Rag,maple-leaf-rag,,Scott Joplin,TRUE,2017-08-01,2017-08-01,1
Marissa,marissa,,Mike Gordon,TRUE,2017-07-19,2017-07-19,1
Martha My Dear,martha-my-dear,,The Beatles,TRUE,1994-10-31,1994-10-31,1
Martian Monster,martian-monster,,Phish,FALSE,2014-10-31,2024-08-18,45
Maybe,maybe,,Vida Blue,TRUE,2019-11-29,2019-11-29,1
Maze,maze,,Phish,FALSE,1992-03-06,2024-08-31,340
McGrupp and the Watchful Hosemasters,mcgrupp-and-the-watchful-hosemasters,McGrupp,Phish,FALSE,1985-04-06,2024-08-04,119
Mean Mr. Mustard,mean-mr-mustard,,The Beatles,TRUE,1996-11-15,1996-11-15,1
Meat,meat,,Phish,FALSE,1998-07-02,2024-07-30,49
Meatstick,meatstick,,Phish,FALSE,1997-06-25,2024-08-17,73
Mellow Mood,mellow-mood,,Bob Marley and The Wailers,TRUE,2000-09-08,2018-09-02,10
Melt the Guns,melt-the-guns,,XTC,TRUE,1985-09-27,1987-04-29,4
Memories,memories,,Van Alstyne and Kahn,TRUE,1990-11-17,1994-07-06,42
Mercenary Territory,mercenary-territory,,Little Feat,TRUE,2010-10-31,2010-10-31,1
Mercury,mercury,,Phish,FALSE,2015-07-22,2024-07-26,39
Mercy,mercy,,Trey Anastasio,TRUE,2023-07-18,2024-07-23,5
Merry Pranksters Jam,merry-pranksters-jam,,Phish,FALSE,1997-08-14,1997-08-14,1
Messin' with The Kid,messin-with-the-kid,,Phish,FALSE,1997-08-08,1999-10-03,2
Metal Bagel Death,metal-bagel-death,,Phish,FALSE,1990-05-04,1990-05-04,1
Mexican Cousin,mexican-cousin,,Phish,FALSE,2003-01-02,2019-07-06,15
Middle of the Road,middle-of-the-road,,Mike Gordon and Leo Kottke,TRUE,2009-08-08,2009-08-14,2
Midnight Moonlight,midnight-moonlight,,Peter Rowan,TRUE,1994-11-19,1994-11-19,1
Midnight Rider,midnight-rider,,The Allman Brothers Band,TRUE,1994-06-22,1994-06-22,1
Midnight on the Highway,midnight-on-the-highway,,Hot Rize,TRUE,1996-11-23,1996-11-23,1
Mike's Song,mikes-song,Mike's,Phish,FALSE,1985-03-16,2024-08-17,533
Mind Left Body Jam,mind-left-body-jam,,"Paul Kantner, Grace Slick, and David Freiberg",TRUE,1992-04-18,2016-06-28,8
Minute by Minute,minute-by-minute,,Doobie Brothers,TRUE,1990-09-13,1990-10-03,3
Mirror in the Bathroom,mirror-in-the-bathroom,,The English Beat,TRUE,1998-11-27,1998-11-27,1
Miss You,miss-you,,Phish,FALSE,2016-06-24,2024-07-31,20
Misty Mountain Hop,misty-mountain-hop,,Led Zeppelin,TRUE,1999-07-20,1999-10-10,4
Mo' Better Blues,mo-better-blues,,Terence Blanchard,TRUE,1990-09-22,1990-11-26,2
Moby Dick,moby-dick,,Led Zeppelin,TRUE,1993-02-19,2000-07-11,3
Mock Song,mock-song,,Phish,FALSE,2003-07-12,2018-10-19,3
Money,money,,Pink Floyd,TRUE,1998-11-02,1998-11-02,1
Monkey Man,monkey-man,,The Rolling Stones,TRUE,2011-07-02,2011-07-02,1
Monsters,monsters,,Trey Anastasio,TRUE,2023-07-22,2024-08-31,5
Moonage Daydream,moonage-daydream,,Arnold Corns,TRUE,2016-10-31,2024-07-27,9
Moonlight in Vermont,moonlight-in-vermont,,Blackburn and Suessdorf,TRUE,1998-10-03,1998-10-03,1
Moose the Mooche,moose-the-mooche,,Charlie Parker Septet,TRUE,1991-07-12,1991-07-12,1
More,more,,Phish,FALSE,2016-10-14,2024-09-01,45
Most Events Aren't Planned,most-events-arent-planned,,Vida Blue,TRUE,2017-08-06,2024-08-31,14
Mother Nature's Son,mother-natures-son,,The Beatles,TRUE,1994-10-31,1994-10-31,1
Mound,mound,,Phish,FALSE,1992-03-06,2023-09-02,117
Mountains in the Mist,mountains-in-the-mist,Mist,Trey Anastasio,TRUE,1999-07-03,2024-08-16,41
Mozambique,mozambique,,Trey Anastasio,TRUE,1999-09-09,1999-09-26,5
Mr. Completely,mr-completely,,Trey Anastasio,TRUE,2003-07-15,2024-07-31,15
Mr. P.C.,mr-pc,,John Coltrane,TRUE,1988-07-30,1991-05-17,3
Mull,mull,,Phish,FALSE,2021-08-03,2024-07-24,13
Mustang Sally,mustang-sally,,Mack Rice,TRUE,1986-10-15,2009-06-14,9
My Favorite Things,my-favorite-things,,Mary Martin & Patricia Neway,TRUE,1989-08-12,1989-08-12,1
"My Friend, My Friend",my-friend-my-friend,My Friend,Phish,FALSE,1992-03-06,2024-09-01,173
My Generation,my-generation,,The Who,TRUE,1995-10-31,1995-10-31,1
My Left Toe,my-left-toe,,Phish,FALSE,1999-06-30,1999-07-25,4
My Life As a Pez,my-life-as-a-pez,,Dave Abrahams,TRUE,1993-03-28,1993-03-28,1
My Long Journey Home,my-long-journey-home,,Bill Monroe,TRUE,1994-11-16,1995-11-29,15
My Mind's Got a Mind of its Own,my-minds-got-a-mind-of-its-own,MMGAMOIO,Jimmie Dale Gilmore,TRUE,1992-03-07,2022-05-28,45
My Problem Right There,my-problem-right-there,,Phish,FALSE,2010-10-10,2010-10-22,3
My Soul,my-soul,,Clifton Chenier,TRUE,1997-02-13,2024-08-07,92
My Sweet One,my-sweet-one,MSO,Phish,FALSE,1989-09-09,2022-08-10,251
NICU,nicu,,Phish,FALSE,1992-03-06,2024-08-15,156
NO2,no2,,Phish,FALSE,1994-06-25,2021-10-28,9
Nellie Kane,nellie-kane,,Hot Rize,TRUE,1993-02-23,2024-08-06,74
Never,never,,Phish,FALSE,1998-10-17,1998-10-17,1
New Age,new-age,,The Velvet Underground,TRUE,1998-10-31,1998-10-31,1
Night Moves,night-moves,,Bob Seger,TRUE,1995-10-02,1995-10-02,1
Night Nurse,night-nurse,,Gregory Isaacs,TRUE,2010-10-26,2010-10-26,1
Night and Day,night-and-day,,Ella Fitzgerald,TRUE,1989-08-12,1989-08-12,1
Ninety-Nine Years (and One Dark Day),ninety-nine-years-and-one-dark-day,,Hot Rize,TRUE,1996-08-07,1996-08-07,1
No Dogs Allowed,no-dogs-allowed,,Phish,FALSE,1988-07-23,1990-04-21,6
No Good Trying,no-good-trying,,Syd Barrett,TRUE,1990-12-07,1990-12-28,3
No Men In No Man's Land,no-men-in-no-mans-land,NMINML,Phish,FALSE,2015-07-21,2024-08-30,76
No Quarter,no-quarter,,Led Zeppelin,TRUE,2011-06-01,2023-10-14,19
Not Fade Away,not-fade-away,,The Crickets,TRUE,1986-04-01,1986-04-01,1
Nothin' But A Nothin',nothin-but-a-nothin,,Baby Gramps,TRUE,1993-08-25,1993-08-26,2
Nothing,nothing,,Amfibian,TRUE,2004-06-17,2022-06-01,8
Nowhere Fast,nowhere-fast,,,TRUE,1989-05-09,1989-05-09,1
O Canada,o-canada,,Calixa Lavallee,TRUE,2017-08-01,2017-08-01,1
O Holy Night,o-holy-night,,Adolphe Adam,TRUE,2017-08-02,2017-08-02,1
O Mio Babbino Caro,o-mio-babbino-caro,,Puccini/Forzano,TRUE,1994-05-27,1994-05-27,1
"Ob-La-Di, Ob-La-Da",ob-la-di-ob-la-da,,The Beatles,TRUE,1993-05-06,1994-10-31,2
Oblivion,oblivion,,Trey Anastasio,TRUE,2023-07-11,2024-08-31,15
Ocelot,ocelot,,Phish,FALSE,2009-05-31,2024-08-29,100
Oh Atlanta,oh-atlanta,,Little Feat,TRUE,2010-10-31,2010-10-31,1
Oh! Sweet Nuthin',oh-sweet-nuthin,,The Velvet Underground,TRUE,1998-10-31,2013-08-30,6
Old Folks Boogie,old-folks-boogie,,Little Feat,TRUE,2010-10-31,2010-10-31,1
Olivia's Pool,olivias-pool,,Phish,FALSE,1997-06-13,2023-04-18,10
On Green Dolphin Street,on-green-dolphin-street,,Urbie Green,TRUE,1989-08-12,1989-08-12,1
On My Knees,on-my-knees,,Son Seals,TRUE,1999-07-17,1999-07-17,1
On The Run,on-the-run,,Pink Floyd,TRUE,1998-11-02,1998-11-02,1
On Your Way Down,on-your-way-down,,Allen Toussaint,TRUE,1988-06-24,2011-08-06,22
On the Road Again,on-the-road-again,,Willie Nelson,TRUE,2013-08-31,2017-08-06,2
Once in a Lifetime,once-in-a-lifetime,,Talking Heads,TRUE,1996-10-31,2015-09-06,2
One Meatball,one-meatball,,George Martin Lane,TRUE,1997-02-25,1997-02-25,1
Over the Rainbow,over-the-rainbow,,Judy Garland,TRUE,1992-08-17,1998-08-09,7
Oye Como Va,oye-como-va,,Tito Puente,TRUE,1993-08-28,1993-08-28,1
P-Funk Medley,p-funk-medley,,Parliament-Funkadelic,TRUE,2003-12-30,2003-12-30,1
Party Time,party-time,,Phish,FALSE,2009-08-15,2024-08-18,38
Passing Through,passing-through,,Phish,FALSE,2018-10-31,2022-07-19,6
Paul and Silas,paul-and-silas,,Josh White,TRUE,1990-09-13,2016-07-22,91
Peaches en Regalia,peaches-en-regalia,Peaches,Frank Zappa,TRUE,1986-10-15,2024-08-16,88
Pebbles and Marbles,pebbles-and-marbles,,Trey Anastasio,TRUE,2003-01-03,2024-07-31,29
Petrichor,petrichor,,Trey Anastasio,TRUE,2016-10-14,2022-08-13,13
Phase Dance,phase-dance,,Pat Metheny Group,TRUE,1988-02-07,1988-02-26,4
Piano Duet,piano-duet,,Phish,FALSE,1993-07-28,1994-04-22,2
Pig in a Pen,pig-in-a-pen,,The Stanley Brothers,TRUE,1993-02-21,1994-11-16,2
Piggies,piggies,,The Beatles,TRUE,1985-11-14,1994-10-31,2
Pigtail,pigtail,,Phish,FALSE,2010-12-28,2018-07-24,5
Pillow Jets,pillow-jets,,Trey Anastasio,TRUE,2023-07-21,2024-08-29,9
Piper,piper,,Phish,FALSE,1997-06-14,2024-08-09,199
Plasma,plasma,,Trey Anastasio,TRUE,2014-10-17,2024-08-03,31
Play by Play,play-by-play,,Phish,FALSE,2018-10-31,2019-06-25,3
Playing in the Band,playing-in-the-band,,Grateful Dead,TRUE,2016-10-18,2016-10-18,1
Poor Heart,poor-heart,,Phish,FALSE,1988-08-04,2023-07-18,309
Possum,possum,,Phish,FALSE,1985-09-27,2024-08-30,565
Powderfinger,powderfinger,,Neil Young,TRUE,2017-07-26,2017-07-26,1
Prep School Hippie,prep-school-hippie,,Phish,FALSE,1985-09-27,1987-10-10,6
Prince Caspian,prince-caspian,Caspian,Phish,FALSE,1995-06-08,2024-09-01,177
Proud Mary,proud-mary,,Creedence Clearwater Revival,TRUE,1983-12-02,2003-03-01,2
Psycho Killer,psycho-killer,,Talking Heads,TRUE,1993-03-30,2012-07-06,4
Punch Me in the Eye,punch-me-in-the-eye,,Phish,FALSE,1987-04-24,1987-04-24,1
Punch You in the Eye,punch-you-in-the-eye,PYITE,Phish,FALSE,1989-08-17,2024-08-02,164
Purple Rain,purple-rain,,Prince,TRUE,1993-07-16,2012-07-04,32
Pusherman,pusherman,,Curtis Mayfield,TRUE,1991-11-01,1991-11-01,1
Quadrophenia,quadrophenia,,The Who,TRUE,1995-10-31,1995-10-31,1
Quadrophonic Toppling,quadrophonic-toppling,,Phish,FALSE,1999-12-31,2022-05-27,2
Quinn the Eskimo (The Mighty Quinn),quinn-the-eskimo-the-mighty-quinn,Quinn,Bob Dylan,TRUE,1985-04-06,2019-06-28,38
Ramble On,ramble-on,,Led Zeppelin,TRUE,1998-08-01,2010-10-30,3
Rapper's Delight,rappers-delight,,The Sugarhill Gang,TRUE,2000-09-29,2000-09-29,1
Reba,reba,,Phish,FALSE,1989-10-01,2024-08-16,406
Rescue Squad,rescue-squad,,Phish,FALSE,2019-12-31,2019-12-31,1
Revival,revival,,The Allman Brothers Band,TRUE,1985-10-30,1985-10-30,1
Revolution,revolution,,Phish,FALSE,1985-04-06,1985-10-17,3
Revolution 1,revolution-1,,The Beatles,TRUE,1994-10-31,1994-10-31,1
Revolution 9,revolution-9,,The Beatles,TRUE,1994-10-31,1994-10-31,1
Revolution's Over,revolutions-over,,The Dude of Life (with Phish),TRUE,1990-09-13,1990-09-13,1
Rhinoceros,rhinoceros,,Smashing Pumpkins,TRUE,1998-08-03,1998-08-03,1
Rhombus Narration,rhombus-narration,,Phish,FALSE,1989-09-09,1991-11-15,12
Rhymes,rhymes,,Al Green,TRUE,2011-06-07,2011-06-07,1
Ride Captain Ride,ride-captain-ride,,Blues Image,TRUE,1987-03-23,2013-10-26,17
Rift,rift,,Phish,FALSE,1990-02-25,2024-08-18,310
Rip This Joint,rip-this-joint,,The Rolling Stones,TRUE,2009-10-31,2009-10-31,1
Rise/Come Together,risecome-together,,Trey Anastasio,TRUE,2017-07-19,2022-07-29,19
Roadhouse Blues,roadhouse-blues,,The Doors,TRUE,1983-12-02,1983-12-02,1
Roadrunner,roadrunner,,The Modern Lovers,TRUE,2000-09-11,2000-09-11,1
Rock 'n' Roll Suicide,rock-n-roll-suicide,,David Bowie,TRUE,2016-10-31,2017-08-01,2
Rock A William,rock-a-william,,Phish,FALSE,1997-02-13,1997-08-10,5
Rock Me Baby,rock-me-baby,,B.B. King,TRUE,2003-02-24,2003-02-24,1
Rock and Roll,rock-and-roll,R&amp;R,The Velvet Underground,TRUE,1998-10-31,2024-08-03,93
Rock and Roll All Nite,rock-and-roll-all-nite,,Kiss,TRUE,1993-02-20,1993-02-20,1
Rock and Roll Part Two,rock-and-roll-part-two,,Gary Glitter,TRUE,1998-11-20,1998-11-20,1
Rocket Man,rocket-man,,Elton John,TRUE,2011-08-09,2011-08-09,1
Rocket in My Pocket,rocket-in-my-pocket,,Little Feat,TRUE,2010-10-31,2011-06-04,2
Rocks Off,rocks-off,,The Rolling Stones,TRUE,2009-10-31,2009-10-31,1
Rocky Mountain Way,rocky-mountain-way,,Joe Walsh,TRUE,1991-02-16,1997-07-23,2
Rocky Raccoon,rocky-raccoon,,The Beatles,TRUE,1994-10-31,1994-10-31,1
Rocky Top,rocky-top,,Osborne Brothers,TRUE,1987-09-21,2019-12-28,205
Roggae,roggae,,Phish,FALSE,1998-06-30,2024-08-15,109
Roll Like a Cantaloupe,roll-like-a-cantaloupe,,Phish,FALSE,1986-10-15,1991-11-14,4
Roll in My Sweet Baby's Arms,roll-in-my-sweet-babys-arms,,Traditional,TRUE,1994-11-18,1994-11-19,2
Roses Are Free,roses-are-free,Roses,Ween,TRUE,1997-12-11,2022-07-16,51
Rotation Jam,rotation-jam,,Phish,FALSE,1995-11-25,1997-08-10,4
Round Room,round-room,,Phish,FALSE,2003-01-02,2016-06-22,6
Ruby Waves,ruby-waves,,Trey Anastasio,TRUE,2019-06-18,2024-08-30,33
Run Like an Antelope,run-like-an-antelope,Antelope,Phish,FALSE,1985-04-06,2024-08-30,480
Runaway Jim,runaway-jim,,Phish,FALSE,1990-03-28,2024-09-01,402
Runnin' with the Devil,runnin-with-the-devil,,Van Halen,TRUE,1998-08-06,1998-08-06,1
Running Out of Time,running-out-of-time,,Phish,FALSE,2016-10-19,2016-10-24,2
Sabotage,sabotage,,Beastie Boys,TRUE,1998-08-08,2024-09-01,6
Sad Lisa,sad-lisa,,Cat Stevens,TRUE,1998-10-18,1998-10-18,1
Sailin' Shoes,sailin-shoes,,Little Feat,TRUE,2010-10-31,2010-10-31,1
Sample in a Jar,sample-in-a-jar,Sample,Phish,FALSE,1993-02-04,2024-08-10,307
Samson Variation,samson-variation,,Ernie Stires,TRUE,1997-06-21,1997-08-03,2
Samson and Delilah,samson-and-delilah,,Gary Davis,TRUE,2016-10-18,2016-10-18,1
Sand,sand,,Trey Anastasio,TRUE,1999-09-11,2024-08-30,148
Sanity,sanity,,Phish,FALSE,1986-10-15,2024-02-24,45
Satin Doll,satin-doll,,Duke Ellington,TRUE,1988-06-20,1993-05-08,18
Savoy Truffle,savoy-truffle,,The Beatles,TRUE,1994-10-31,1994-10-31,1
Saw It Again,saw-it-again,,Phish,FALSE,1997-06-14,2024-08-15,47
Say It To Me S.A.N.T.O.S.,say-it-to-me-santos,,Phish,FALSE,2018-10-31,2024-08-29,43
Say Something,say-something,,Phish,FALSE,2013-07-27,2013-08-30,2
Scabbard,scabbard,,Trey Anastasio,TRUE,2015-07-22,2015-08-22,2
Scarlet Begonias,scarlet-begonias,,Grateful Dead,TRUE,1983-12-02,1985-05-03,3
Scent of a Mule,scent-of-a-mule,SOAMule,Phish,FALSE,1994-04-04,2024-08-02,138
Scents and Subtle Sounds,scents-and-subtle-sounds,,Phish,FALSE,2003-07-07,2024-08-17,45
Sea and Sand,sea-and-sand,,The Who,TRUE,1995-10-31,2020-02-21,4
Secret Language Instructions,secret-language-instructions,,Phish,FALSE,1992-03-06,1993-03-16,10
Secret Smile,secret-smile,,Trey Anastasio,TRUE,2003-07-08,2016-12-29,9
See That My Grave Is Kept Clean,see-that-my-grave-is-kept-clean,,Blind Lemon Jefferson,TRUE,2017-08-04,2017-08-04,1
Seen and Not Seen,seen-and-not-seen,,Talking Heads,TRUE,1996-10-31,1996-10-31,1
Self,self,,The Dude of Life (with Phish),TRUE,1990-09-13,1992-11-20,5
Send in the Clowns,send-in-the-clowns,, Glynis Johns,TRUE,2019-12-31,2019-12-31,1
Set Your Soul Free,set-your-soul-free,,Trey Anastasio,TRUE,2018-07-20,2024-09-01,44
Setting Sail,setting-sail,,Phish,FALSE,1991-04-20,1994-07-15,4
Seven Below,seven-below,,Phish,FALSE,2002-12-31,2023-04-18,49
Sexual Healing,sexual-healing,,Marvin Gaye,TRUE,1998-07-20,1998-11-14,4
Sexy Sadie,sexy-sadie,,The Beatles,TRUE,1994-10-31,1994-10-31,1
Shade,shade,,Phish,FALSE,2015-07-21,2024-08-02,30
Shafty,shafty,,Phish,FALSE,1998-04-05,2022-07-30,7
Shaggy Dog,shaggy-dog,,Sam Hopkins,TRUE,1986-10-15,2021-10-30,17
Shake Your Coconuts,shake-your-coconuts,,Junior Senior,TRUE,2017-07-21,2020-02-20,2
Shake Your Hips,shake-your-hips,,Slim Harpo,TRUE,2009-10-31,2009-10-31,1
She Caught the Katy and Left Me a Mule to Ride,she-caught-the-katy-and-left-me-a-mule-to-ride,She Caught the Katy,Taj Mahal,TRUE,1986-12-06,2010-12-28,6
She Thinks I Still Care,she-thinks-i-still-care,,George Jones,TRUE,2009-03-08,2009-03-08,1
She's So Cold,shes-so-cold,,The Rolling Stones,TRUE,1993-03-31,1993-03-31,1
Shine,shine-2,,Collective Soul,TRUE,1995-12-31,1995-12-31,1
Shine a Light,shine-a-light,,The Rolling Stones,TRUE,2009-10-31,2024-08-09,28
Shipwreck,shipwreck,,Phish,FALSE,2014-10-31,2020-02-20,2
Show of Life,show-of-life,,Trey Anastasio,TRUE,2010-06-11,2023-08-31,33
Sightless Escape,sightless-escape,,Ghosts of the Forest,TRUE,2019-09-01,2023-10-08,2
Sigma Oasis,sigma-oasis,,Trey Anastasio,TRUE,2019-12-08,2024-08-29,38
Silent in the Morning,silent-in-the-morning,Silent,Phish,FALSE,1992-03-07,2024-07-26,186
Simple,simple,,Phish,FALSE,1994-05-27,2024-08-18,203
Sing Monica,sing-monica,,Phish,FALSE,2013-10-31,2016-07-20,8
Sixteen Candles,sixteen-candles,,The Crests,TRUE,1996-12-29,1996-12-29,1
Skin It Back,skin-it-back,,Little Feat,TRUE,1986-10-15,2018-10-21,14
Skippy the Wondermouse,skippy-the-wondermouse,,Phish,FALSE,1984-12-01,1985-10-30,4
Slave to the Traffic Light,slave-to-the-traffic-light,Slave,Phish,FALSE,1984-12-01,2024-09-01,285
Sleep,sleep,,Phish,FALSE,1998-10-17,2019-11-29,18
Sleep Again,sleep-again,,Trey Anastasio,TRUE,2009-11-01,2016-07-16,6
Sleeping Monkey,sleeping-monkey,,Phish,FALSE,1992-03-06,2022-08-05,94
Slipknot!,slipknot,,Grateful Dead,TRUE,1986-04-01,1986-04-01,1
Smells Like Teen Spirit,smells-like-teen-spirit,,Nirvana,TRUE,1998-11-02,1998-11-02,1
Smoke on the Water,smoke-on-the-water,,Deep Purple,TRUE,1999-07-18,1999-07-18,1
Sneakin' Sally Through the Alley,sneakin-sally-through-the-alley,Sneakin' Sally,Lee Dorsey,TRUE,1985-03-08,2023-08-01,82
Snow,snow,,Phish,FALSE,2013-10-31,2013-10-31,1
So Damn Lucky,so-damn-lucky,,Dave Matthews,TRUE,2022-02-24,2022-02-24,1
So Lonely,so-lonely,,The Police,TRUE,1998-11-14,1998-11-14,1
Something,something,,The Beatles,TRUE,1998-10-29,1998-11-25,4
Something Living Here,something-living-here,,Phish,FALSE,2021-10-31,2022-07-27,2
Soul Love,soul-love,,David Bowie,TRUE,2016-10-31,2016-10-31,1
Soul Planet,soul-planet,,Trey Anastasio,TRUE,2017-12-31,2024-08-04,25
Soul Shakedown Party,soul-shakedown-party,,Bob Marley and The Wailers,TRUE,1997-02-17,2021-08-14,13
Soul Survivor,soul-survivor,,The Rolling Stones,TRUE,2009-10-31,2009-10-31,1
Space Oddity,space-oddity,,David Bowie,TRUE,2016-06-24,2022-07-19,7
Spanish Flea,spanish-flea,,Herb Alpert and the Tijuana Brass,TRUE,1984-12-01,1984-12-01,1
Spanish Moon,spanish-moon,,Little Feat,TRUE,2010-10-31,2023-10-15,3
Sparkle,sparkle,,Phish,FALSE,1991-09-25,2023-09-01,333
Sparks,sparks,,The Who,TRUE,1987-03-23,2016-12-30,14
Speak to Me,speak-to-me-pink-floyd,,Pink Floyd,TRUE,1998-11-02,1998-11-02,1
Spices,spices,,Trey Anastasio,TRUE,2003-07-07,2003-07-10,2
Split Open and Melt,split-open-and-melt,SOAMelt,Phish,FALSE,1989-02-17,2024-08-31,345
Spock's Brain,spocks-brain,,Phish,FALSE,1995-05-16,2019-07-14,10
Spooky,spooky,,The Classics IV,TRUE,1993-03-14,2010-10-31,3
Spread It 'Round,spread-it-round,,Phish,FALSE,2003-07-15,2003-08-02,2
Squeeze Box,squeeze-box,,The Who,TRUE,1983-12-02,1983-12-02,1
St. Stephen,st-stephen,,Grateful Dead,TRUE,1984-11-03,1984-11-03,1
St. Thomas,st-thomas,,Sonny Rollins,TRUE,1988-05-22,1988-05-22,1
Stairway to Heaven,stairway-to-heaven,,Led Zeppelin,TRUE,2010-10-30,2010-10-30,1
Stand!,stand,,Sly and the Family Stone,TRUE,1997-06-13,1997-06-13,1
Star,star,,David Bowie,TRUE,2016-10-31,2016-10-31,1
Starman,starman,,David Bowie,TRUE,2016-10-31,2017-08-06,2
Stash,stash,,Phish,FALSE,1990-09-13,2024-09-01,447
Stealing Time From the Faulty Plan,stealing-time-from-the-faulty-plan,STFTFP,Phish,FALSE,2009-06-02,2024-08-04,81
Steam,steam,,Phish,FALSE,2011-06-04,2024-08-30,64
Steep,steep,,Phish,FALSE,1996-10-16,2021-08-28,33
Stir It Up,stir-it-up,,Bob Marley and The Wailers,TRUE,1987-08-21,1987-08-21,1
Stop Breaking Down,stop-breaking-down,,Robert Johnson,TRUE,2009-10-31,2009-10-31,1
Storage Jam,storage-jam,,Phish,FALSE,2011-07-02,2011-07-02,1
Strange Design,strange-design,,Phish,FALSE,1995-05-16,2024-08-30,67
Strawberry Fields Forever,strawberry-fields-forever,,The Beatles,TRUE,2017-07-22,2022-08-02,2
Strawberry Letter 23,strawberry-letter-23,,Shuggie Otis,TRUE,2017-07-22,2024-08-06,11
Stray Dog,stray-dog,,Phish,FALSE,2018-10-31,2019-09-01,4
Suffragette City,suffragette-city,,David Bowie,TRUE,2016-10-31,2016-10-31,1
Sugar Shack,sugar-shack,,Phish,FALSE,2009-06-07,2024-08-29,33
Summer of '89,summer-of-89,,Phish,FALSE,2010-06-18,2010-10-12,4
Sunday Morning,sunday-morning-velvet,,The Velvet Underground,TRUE,2017-07-23,2017-07-23,1
Sunshine of Your Feeling,sunshine-of-your-feeling,,Phish,FALSE,2017-08-05,2017-08-05,1
Suspicious Minds,suspicious-minds,,Elvis Presley,TRUE,1995-09-30,1996-12-06,13
Susskind Hotel,susskind-hotel,,"Trey, Mike, and The Benevento/Russo Duo",TRUE,2011-07-02,2012-07-04,3
Suzy Greenberg,suzy-greenberg,Suzy,Phish,FALSE,1987-02-13,2024-07-19,449
Sweet Adeline,sweet-adeline,,Artie Shaw,TRUE,1990-03-28,2016-12-29,174
Sweet Black Angel,sweet-black-angel,,The Rolling Stones,TRUE,2009-10-31,2009-10-31,1
Sweet Emotion,sweet-emotion,,Aerosmith,TRUE,1993-03-16,1996-11-27,3
Sweet Georgia Brown,sweet-georgia-brown,,Ben Bernie,TRUE,1988-07-07,1988-07-07,1
Sweet Jane,sweet-jane,,The Velvet Underground,TRUE,1998-08-08,2020-02-22,5
Sweet Virginia,sweet-virginia,,The Rolling Stones,TRUE,1999-09-26,2012-06-24,5
Swept Away,swept-away,,Phish,FALSE,1996-10-16,2021-08-28,33
"Swing Low, Sweet Chariot",swing-low-sweet-chariot,,Traditional,TRUE,1986-10-15,1994-11-16,13
Sympathy for the Devil,sympathy-for-the-devil,,The Rolling Stones,TRUE,1988-02-03,1988-02-03,1
T.V. Show,tv-show,,The Dude of Life (with Phish),TRUE,1991-11-08,1991-11-08,1
T.V. Theme,tv-theme,,Phish,FALSE,1985-09-27,1985-10-17,2
Take Me Out to the Ballgame,take-me-out-to-the-ballgame,,Edward Meeker,TRUE,2014-10-27,2014-10-27,1
Take Me to the River,take-me-to-the-river,,Al Green,TRUE,1995-11-21,1997-07-10,2
Take the 'A' Train,take-the-a-train,'A' Train,Duke Ellington,TRUE,1987-04-29,1994-04-13,118
Takin' Care of Business,takin-care-of-business,,Bachman-Turner Overdrive,TRUE,2013-10-20,2013-10-20,1
Talk,talk,,Phish,FALSE,1996-08-05,2023-10-13,15
Taste,taste,,Phish,FALSE,1995-06-07,2024-08-09,144
Taste That Surrounds,taste-that-surrounds,,Phish,FALSE,1995-10-24,1995-12-29,14
Tela,tela,,Phish,FALSE,1988-03-12,2023-12-31,92
Tell Me Something Good,tell-me-something-good,,Rufus with Chaka Khan,TRUE,1987-03-06,1987-03-06,1
Tennessee Waltz,tennessee-waltz,,Roy Acuff & The Smoky Mountain Boys,TRUE,1993-05-06,1994-11-19,3
Terrapin,terrapin,,Syd Barrett,TRUE,1987-09-21,2019-12-04,66
Terrapin Station,terrapin-station,,Grateful Dead,TRUE,1998-08-09,1998-08-09,1
Thank You,thank-you,,Led Zeppelin,TRUE,2010-10-30,2010-10-30,1
Thanksgiving,thanksgiving,,Phish,FALSE,2021-10-31,2021-10-31,1
That's Alright Mama,thats-alright-mama,,Elvis Presley,TRUE,1993-05-06,1993-05-06,1
The 9th Cube,the-9th-cube,,Phish,FALSE,2021-10-31,2023-10-10,2
The Asse Festival,the-asse-festival,Asse Festival,Phish,FALSE,1990-09-13,1991-04-27,24
The Ballad of Curtis Loew,the-ballad-of-curtis-loew,Curtis Loew,Lynyrd Skynyrd,TRUE,1987-04-29,2019-12-30,47
The Birds,the-birds,,Phish,FALSE,2014-10-31,2018-07-22,5
The Birdwatcher,the-birdwatcher,Birdwatcher,Phish,FALSE,2010-12-28,2015-09-06,4
The Chase,the-chase,,Phish,FALSE,1987-10-14,1990-06-07,7
The Chicken,the-chicken,,James Brown,TRUE,1988-03-11,1988-03-11,1
The Chinese Water Torture,the-chinese-water-torture,,Phish,FALSE,2014-10-31,2014-10-31,1
The Connection,the-connection,,Phish,FALSE,2009-06-19,2024-07-21,6
The Continuing Story of Bungalow Bill,the-continuing-story-of-bungalow-bill,,The Beatles,TRUE,1994-10-31,1994-10-31,1
The Cover of 'Rolling Stone',the-cover-of-rolling-stone,,Dr. Hook,TRUE,2003-02-14,2003-02-14,1
The Curtain,the-curtain,Curtain,Phish,FALSE,1988-02-24,2022-07-26,123
The Curtain With,the-curtain-with,Curtain With,Phish,FALSE,1987-08-09,2024-07-24,41
The Dickie Scotland Song,the-dickie-scotland-song,,Phish,FALSE,2004-08-15,2004-08-15,1
The Dirty Jobs,the-dirty-jobs,,The Who,TRUE,1995-10-31,1995-10-31,1
The Dogs,the-dogs,,Phish,FALSE,2014-10-31,2024-08-04,17
The Final Hurrah,the-final-hurrah,,Phish,FALSE,2018-10-31,2024-08-04,17
The Fishin' Hole,the-fishin-hole,,Herbert Spencer and Earle Hagen,TRUE,1989-03-01,1989-08-26,2
The Fog That Surrounds,the-fog-that-surrounds,Fog That Surrounds,Phish,FALSE,1995-09-27,1995-10-17,8
The Gambler,the-gambler,,Kenny Rogers,TRUE,2012-06-10,2012-06-10,1
The Great Curve,the-great-curve,,Talking Heads,TRUE,1996-10-31,1996-10-31,1
The Great Gig in the Sky,the-great-gig-in-the-sky,Great Gig in the Sky,Pink Floyd,TRUE,1993-03-14,1998-11-02,12
The Happy Whip and Dung Song,the-happy-whip-and-dung-song,Happy Whip and Dung Song,Phish,FALSE,1999-07-24,1999-07-24,1
The Haunted House,the-haunted-house,,Phish,FALSE,2014-10-31,2014-10-31,1
The Horse,the-horse,Horse,Phish,FALSE,1992-03-07,2024-07-26,171
The Howling,the-howling,,Phish,FALSE,2021-10-31,2024-09-01,18
The Inlaw Josie Wales,the-inlaw-josie-wales,,Trey Anastasio,TRUE,1999-09-09,2000-10-06,16
The Inner Reaches of Outer,the-inner-reaches-of-outer,,Phish,FALSE,2021-10-31,2021-10-31,1
The Landlady,the-landlady,Landlady,Phish,FALSE,1990-09-13,2022-08-14,214
The Last Step,the-last-step,,Mike Gordon,TRUE,2015-08-05,2015-08-05,1
The Line,the-line,,Phish,FALSE,2013-10-31,2018-10-21,35
The Lion Sleeps Tonight,the-lion-sleeps-tonight,,Traditional,TRUE,2003-02-18,2003-02-18,1
The Little Drummer Boy,the-little-drummer-boy,,"Katherine Davis, Henry Onorati & Harry Simeone",TRUE,1986-12-06,2004-04-16,4
The Lizards,the-lizards,Lizards,Phish,FALSE,1988-01-27,2024-07-27,328
The Maker,the-maker,,Daniel Lanois,TRUE,1994-10-15,2022-02-24,2
The Man Who Stepped Into Yesterday,the-man-who-stepped-into-yesterday,TMWSIY,Phish,FALSE,1987-05-11,2023-12-31,84
The Mango Song,the-mango-song,Mango,Phish,FALSE,1989-03-30,2024-02-21,107
The Moma Dance,the-moma-dance,Moma,Phish,FALSE,1998-06-30,2024-09-01,200
The Night the Lights Went Out in Georgia,the-night-the-lights-went-out-in-georgia,,Vicki Lawrence,TRUE,2023-07-16,2023-07-16,1
The Ocean,the-ocean,,Led Zeppelin,TRUE,2016-01-17,2016-01-17,1
The Oh Kee Pa Ceremony,the-oh-kee-pa-ceremony,Oh Kee Pa,Phish,FALSE,1989-08-12,2024-08-02,220
The Old Home Place,the-old-home-place,,The Dillards,TRUE,1994-06-26,2024-08-07,48
The Other One,the-other-one,,Grateful Dead,TRUE,1985-05-03,1985-05-03,1
The Overload,the-overload,,Talking Heads,TRUE,1996-10-31,1996-10-31,1
The Pendulum,the-pendulum,,Zenzile,TRUE,1986-02-03,1986-04-01,2
The Practical Song,the-practical-song,,Phish,FALSE,1988-09-12,1989-05-26,2
The Price of Love,the-price-of-love,,Ninja Custodian,TRUE,1989-03-30,1989-05-28,2
The Prison Joke,the-prison-joke,,John Fox,TRUE,1991-04-11,1993-03-24,2
The Punk Meets the Godfather,the-punk-meets-the-godfather,,The Who,TRUE,1995-10-31,1995-10-31,1
The Real Me,the-real-me,,The Who,TRUE,1995-10-31,1995-12-29,2
The Rock,the-rock,,The Who,TRUE,1995-10-31,1995-10-31,1
The Rover,the-rover,,Led Zeppelin,TRUE,2010-06-24,2010-06-24,1
The Silver Light,the-silver-light,,Trey Anastasio,TRUE,2021-10-26,2021-10-26,1
The Sloth,the-sloth,Sloth,Phish,FALSE,1987-08-09,2023-12-31,176
The Squirming Coil,the-squirming-coil,Coil,Phish,FALSE,1990-01-20,2024-07-31,370
The Star-Spangled Banner,the-star-spangled-banner,Star Spangled Banner,Francis Scott Key,TRUE,1996-10-17,2016-12-28,21
The Tears of a Clown,the-tears-of-a-clown,,Smokey Robinson & The Miracles,TRUE,2004-08-11,2004-08-11,1
The Thrill is Gone,the-thrill-is-gone,,Roy Hawkins,TRUE,2003-02-24,2003-02-24,1
The Unsafe Bridge,the-unsafe-bridge,,Phish,FALSE,2014-10-31,2014-10-31,1
The Unwinding,the-unwinding,,Phish,FALSE,2021-10-31,2021-10-31,1
The Very Long Fuse,the-very-long-fuse,,Phish,FALSE,2014-10-31,2017-07-26,4
The Vibration of Life,the-vibration-of-life,Vibration of Life,Phish,FALSE,1992-11-23,1996-11-19,22
The Way It Goes,the-way-it-goes,,Gillian Welch,TRUE,2011-09-04,2011-09-04,1
The Wedge,the-wedge,Wedge,Phish,FALSE,1993-02-03,2024-08-09,129
The Well,the-well,,Trey Anastasio,TRUE,2023-07-16,2024-07-26,6
The Wind Cries Mary,the-wind-cries-mary,,Jimi Hendrix Experience,TRUE,2017-07-30,2017-07-30,1
Them Changes,them-changes,,Buddy Miles,TRUE,1997-11-30,1997-11-30,1
Theme From the Bottom,theme-from-the-bottom,Theme,Phish,FALSE,1995-05-16,2024-08-29,188
"Theme from New York, New York",theme-from-emnew-york-new-yorkem,,Liza Minnelli,TRUE,1997-12-31,2022-12-31,2
Theme from Star Trek,theme-from-star-trek,,Alexander Courage,TRUE,1996-08-04,1996-08-04,1
Things People Do,things-people-do,,Phish,FALSE,2016-06-28,2019-07-09,9
Thread,thread,,Phish,FALSE,2017-07-16,2024-07-21,7
Three Little Birds,three-little-birds,,Bob Marley and The Wailers,TRUE,1995-06-17,1995-06-17,1
Thunder Road,thunder-road,,Bruce Springsteen,TRUE,2011-06-19,2011-06-19,1
Thunderhead,thunderhead,,Trey Anastasio,TRUE,2003-01-02,2022-09-03,7
Tide Turns,tide-turns,,Phish,FALSE,2016-06-29,2018-07-28,7
Timber,timber-haunted,,Phish,FALSE,2014-10-31,2016-07-10,2
Timber (Jerry the Mule),timber-jerry-the-mule,Timber Ho,Josh White and Sam Gary,TRUE,1987-04-29,2024-08-18,103
Time,time,,Pink Floyd,TRUE,1998-11-02,1998-11-02,1
Time Loves a Hero,time-loves-a-hero,,Little Feat,TRUE,1988-10-29,2011-07-03,8
Time Turns Elastic,time-turns-elastic,TTE,Trey Anastasio & Don Hart,TRUE,2009-05-31,2021-12-31,18
To France,to-france,,Jeff Mosier,TRUE,1994-11-17,1994-11-17,1
Tomorrow's Song,tomorrows-song,,Phish,FALSE,2009-11-27,2009-11-27,1
Tonight,tonight,,Zenzile,TRUE,1986-02-03,1986-02-03,1
Torn and Frayed,torn-and-frayed,,The Rolling Stones,TRUE,2009-10-31,2023-10-06,10
Touch Me,touch-me,,The Doors,TRUE,1991-07-11,1994-12-03,9
Tower Jam,tower-jam,,Phish,FALSE,2003-08-02,2003-08-02,1
Train Round the Bend,train-round-the-bend,,The Velvet Underground,TRUE,1998-10-31,1998-10-31,1
Train Song,train-song,,Phish,FALSE,1996-07-21,2024-08-06,59
Trane To Conamarra,trane-to-conamarra,,BĂ©la Fleck and the Flecktones,TRUE,1997-07-09,1997-07-09,1
Trench Town Rock,trench-town-rock,,Bob Marley and The Wailers,TRUE,1998-08-11,1998-08-11,1
Tripe Face Boogie,tripe-face-boogie,,Little Feat,TRUE,2010-10-31,2010-10-31,1
Tube,tube,,Phish,FALSE,1990-09-13,2024-09-01,193
Tubthumping,tubthumping,,Chumbawamba,TRUE,1998-11-21,1998-11-21,1
Tuesday,tuesday,,Trey Anastasio,TRUE,2017-07-18,2017-07-25,2
Tuesday's Gone,tuesdays-gone,,Lynyrd Skynyrd,TRUE,1999-07-13,1999-07-13,1
Tumbling Dice,tumbling-dice,,The Rolling Stones,TRUE,2009-10-31,2009-10-31,1
Turd on the Run,turd-on-the-run,,The Rolling Stones,TRUE,2009-10-31,2009-10-31,1
Turtle in the Clouds,turtle-in-the-clouds,,Phish,FALSE,2018-10-31,2024-07-31,18
Tush,tush,,ZZ Top,TRUE,1986-12-06,1987-08-10,2
Tweezer,tweezer,,Phish,FALSE,1990-03-28,2024-09-01,403
Tweezer Reprise,tweezer-reprise,Tweeprise,Phish,FALSE,1991-02-01,2024-09-01,316
Twenty Years Later,twenty-years-later,,Phish,FALSE,2009-06-05,2024-07-28,44
Twist,twist,,Phish,FALSE,1997-06-14,2024-08-16,176
Two Versions of Me,two-versions-of-me,,Phish,FALSE,2003-07-12,2021-10-28,8
Uncle Pen,uncle-pen,,Bill Monroe,TRUE,1990-03-28,2017-08-05,211
Uncloudy Day,uncloudy-day,,The Staples Singers,TRUE,1998-10-03,1998-10-03,1
Undermind,undermind,,Trey Anastasio,TRUE,2009-03-08,2024-08-31,59
Undun,undun,,The Guess Who,TRUE,1989-03-30,1989-12-07,6
United We Stand,united-we-stand,,Brotherhood of Man,TRUE,2015-09-06,2015-09-06,1
Us and Them,us-and-them,,Pink Floyd,TRUE,1998-11-02,1998-11-02,1
Vacuum Solo,vacuum-solo,,Phish,FALSE,1992-03-30,1993-05-29,8
Ventilator Blues,ventilator-blues,,The Rolling Stones,TRUE,2009-10-31,2009-10-31,1
Victim,victim,,Mike Gordon,TRUE,2019-12-04,2020-02-20,2
Viola Lee Blues,viola-lee-blues,,Gus Cannon,TRUE,1999-09-17,1999-09-17,1
Vultures,vultures,,Phish,FALSE,1997-06-13,2024-07-30,48
Wading in the Velvet Sea,wading-in-the-velvet-sea,Velvet Sea,Phish,FALSE,1997-06-13,2024-08-10,106
Wait,wait,,Phish,FALSE,1991-10-31,1992-05-14,3
Waiting All Night,waiting-all-night,,Phish,FALSE,2013-10-31,2021-10-24,33
Waking Up,waking-up,,Phish,FALSE,1997-06-14,1997-06-14,1
Waking Up Dead,waking-up-dead,,Phish,FALSE,2016-06-29,2018-07-25,8
Walfredo,walfredo,,Phish,FALSE,1997-02-13,2014-10-27,7
Walk Away,walk-away,,The James Gang,TRUE,1988-07-23,2023-07-23,91
Walk This Way,walk-this-way,,Aerosmith,TRUE,2000-09-29,2000-09-29,1
Walls of the Cave,walls-of-the-cave,WotC,Phish,FALSE,2002-12-31,2024-08-07,74
Waste,waste,,Phish,FALSE,1996-06-06,2024-07-23,100
Water in the Sky,water-in-the-sky,,Phish,FALSE,1997-06-13,2022-07-15,84
Waves,waves,,Phish,FALSE,2002-12-31,2024-08-10,55
Way Down in the Hole,way-down-in-the-hole,,Tom Waits,TRUE,2017-08-02,2017-08-02,1
We Are Come to Outlive Our Brains,we-are-come-to-outlive-our-brains,,Phish,FALSE,2018-10-31,2023-08-31,10
We're Not Gonna Take It,were-not-gonna-take-it,,The Who,TRUE,1999-10-08,1999-10-08,1
We're an American Band,were-an-american-band,,Grand Funk Railroad,TRUE,1996-11-16,2000-09-29,2
Weekapaug Groove,weekapaug-groove,Weekapaug,Phish,FALSE,1988-07-23,2024-08-17,507
Weigh,weigh,,Phish,FALSE,1992-03-07,2024-08-10,46
West L.A. Fadeaway,west-la-fadeaway,,Grateful Dead,TRUE,2000-10-06,2016-10-18,2
What Things Seem,what-things-seem,,,TRUE,2010-10-11,2010-12-27,2
What's Going Through Your Mind,whats-going-through-your-mind,,Trey Anastasio,TRUE,2024-08-07,2024-08-31,3
What's the Use?,whats-the-use,WTU?,Phish,FALSE,1999-07-04,2024-08-30,66
When Something is Wrong with My Baby,when-something-is-wrong-with-my-baby,,Sam and Dave,TRUE,1993-04-24,1993-04-30,3
When the Cactus is in Bloom,when-the-cactus-is-in-bloom,,Jimmie Rodgers,TRUE,2009-06-09,2009-06-09,1
When the Circus Comes,when-the-circus-comes,Circus,Los Lobos,TRUE,1997-02-13,2024-07-20,75
While My Guitar Gently Weeps,while-my-guitar-gently-weeps,WMGGW,The Beatles,TRUE,1994-10-31,2023-08-04,37
Whipping Post,whipping-post,,The Allman Brothers Band,TRUE,1984-11-03,1999-07-25,49
White Rabbit,white-rabbit,,Jefferson Airplane,TRUE,1995-09-30,1995-09-30,1
White Winter Hymnal,white-winter-hymnal,,Fleet Foxes,TRUE,2017-07-26,2017-07-26,1
Who By Fire,who-by-fire,,Leonard Cohen,TRUE,1994-04-23,1994-04-23,1
Who Do? We Do!,who-do-we-do,,Phish,FALSE,1987-04-24,1990-03-10,15
Who Knows,who-knows,,Band of Gypsys,TRUE,1989-10-26,1993-08-09,2
Who Loves the Sun?,who-loves-the-sun,,The Velvet Underground,TRUE,1998-10-31,2019-02-21,2
Whole Lotta Love,whole-lotta-love,,Led Zeppelin,TRUE,1990-06-09,2010-10-30,5
Why Don't We Do It in the Road?,why-dont-we-do-it-in-the-road,,The Beatles,TRUE,1994-10-31,1997-02-23,4
Why Don't You Love Me?,why-dont-you-love-me,,Hank Williams,TRUE,1987-02-21,1987-03-23,2
Why You Been Gone So Long?,why-you-been-gone-so-long,,Jessi Colter,TRUE,1993-05-06,1993-05-06,1
Wider,wider,,Ghosts of the Forest,TRUE,2019-07-09,2019-07-09,1
Wild Child,wild-child,,Lou Reed,TRUE,1984-11-03,1988-09-08,6
Wild Honey Pie,wild-honey-pie,,The Beatles,TRUE,1994-10-31,1994-10-31,1
Wild Thing,wild-thing,,The Wild Ones,TRUE,1985-11-23,1985-11-23,1
Wildwood Weed,wildwood-weed,,Jim Stafford,TRUE,1996-12-06,1996-12-06,1
Will It Go Round in Circles,will-it-go-round-in-circles,,Billy Preston,TRUE,1999-09-10,1999-09-21,2
Will the Circle Be Unbroken?,will-the-circle-be-unbroken,,Traditional,TRUE,1994-11-19,1998-10-03,2
Willin',willin,,Little Feat,TRUE,2010-10-31,2020-02-22,2
Wilson,wilson,,Phish,FALSE,1986-10-12,2024-08-10,297
Wind Beneath My Wings,wind-beneath-my-wings,,Bette Midler,TRUE,1995-11-28,1995-11-28,1
Windora Bug,windora-bug,,Trey Anastasio,TRUE,2000-09-08,2000-09-15,2
Windy City,windy-city,,Phish,FALSE,2009-08-11,2009-08-11,1
Wingsuit,wingsuit,,Phish,FALSE,2013-10-31,2024-08-04,42
Winterqueen,winterqueen,,Trey Anastasio,TRUE,2013-10-31,2023-04-19,24
Wipe Out,wipe-out,,The Surfaris,TRUE,1991-04-15,1998-11-29,4
Wolfman's Brother,wolfmans-brother,Wolfman's,Phish,FALSE,1994-04-04,2024-08-30,237
Wombat,wombat,,Phish,FALSE,2013-10-31,2022-08-10,22
Woodlands Jam,woodlands-jam,,Phish,FALSE,2024-08-16,2024-08-16,1
Woodstock,woodstock,,Joni Mitchell,TRUE,1999-07-26,1999-07-26,1
Wormtown,wormtown,,Steve Miller Band,TRUE,1997-07-02,1997-07-02,1
Ya Mar,ya-mar,,Cyril Ferguson,TRUE,1987-02-21,2024-08-18,232
Yarmouth Road,yarmouth-road,,Phish,FALSE,2013-07-05,2022-07-24,32
Yer Blues,yer-blues,,The Beatles,TRUE,1994-10-31,1994-10-31,1
Yerushalayim Shel Zahav,yerushalayim-shel-zahav,,Naomi Shemer,TRUE,1993-07-16,1994-12-31,12
You Ain't Goin' Nowhere,you-aint-goin-nowhere,,Bob Dylan,TRUE,2003-07-30,2003-07-30,1
You Better Believe It Baby,you-better-believe-it-baby,,Joe Tex,TRUE,1998-07-26,1998-08-02,2
You Enjoy Myself,you-enjoy-myself,YEM,Phish,FALSE,1986-02-03,2024-08-30,614
You Gotta See Mama Every Night,you-gotta-see-mama-every-night,,Con Conrad and Billy Rose,TRUE,1993-03-16,1993-03-16,1
You Never Know,you-never-know,,Phish,FALSE,2013-10-31,2013-10-31,1
You Sexy Thing,you-sexy-thing,,Hot Chocolate,TRUE,2017-07-28,2021-08-11,4
You Shook Me All Night Long,you-shook-me-all-night-long,,AC/DC,TRUE,1989-04-20,2000-09-29,2
Your Pet Cat,your-pet-cat,,Phish,FALSE,2014-10-31,2024-08-16,20
Ziggy Stardust,ziggy-stardust,,David Bowie,TRUE,2016-10-31,2016-10-31,1
